$version Generated by Wokwi.com $end
$date Tue, 29 Sep 2026 08:19:10 GMT $end
$timescale 1ns $end
$scope module logic $end
$var wire 1 ! BUZZER $end
$upscope $end
$enddefinitions $end
#0
0!
#2043567800
1!
#2044572650
0!
#2045572675
1!
#2046572675
0!
#2047572675
1!
#2048572650
0!
#2049572675
1!
#2050572675
0!
#2051572675
1!
#2052572650
0!
#2053572675
1!
#2054572675
0!
#2055572675
1!
#2056572650
0!
#2057572675
1!
#2058572675
0!
#2059572675
1!
#2060572650
0!
#2061572675
1!
#2062572675
0!
#2063572675
1!
#2064572650
0!
#2065572675
1!
#2066572675
0!
#2067572675
1!
#2068572650
0!
#2069572675
1!
#2070572675
0!
#2071572675
1!
#2072572650
0!
#2073572650
1!
#2074572675
0!
#2075572675
1!
#2076572650
0!
#2077572650
1!
#2078572675
0!
#2079572675
1!
#2080572650
0!
#2081572650
1!
#2082572675
0!
#2083572675
1!
#2084572650
0!
#2085572650
1!
#2086572675
0!
#2087572675
1!
#2088572650
0!
#2089572650
1!
#2090572675
0!
#2091572675
1!
#2092572650
0!
#2093572650
1!
#2094572675
0!
#2095572675
1!
#2096572650
0!
#2097572650
1!
#2098572675
0!
#2099572675
1!
#2100572650
0!
#2101572650
1!
#2102572675
0!
#2103572675
1!
#2104572650
0!
#2105572650
1!
#2106572675
0!
#2107572675
1!
#2108572650
0!
#2109572650
1!
#2110572675
0!
#2111572675
1!
#2112572650
0!
#2113572650
1!
#2114572675
0!
#2115572675
1!
#2116572650
0!
#2117572650
1!
#2118572675
0!
#2119572675
1!
#2120572650
0!
#2121572650
1!
#2122572675
0!
#2123572675
1!
#2124572650
0!
#2125572650
1!
#2126572675
0!
#2127572675
1!
#2128572650
0!
#2129572650
1!
#2130572675
0!
#2131572675
1!
#2132572650
0!
#2133572650
1!
#2134572675
0!
#2135572675
1!
#2136572650
0!
#2137572650
1!
#2138572675
0!
#2139572675
1!
#2140572675
0!
#2141572650
1!
#2142572675
0!
#2143572675
1!
#2144572675
0!
#2145572650
1!
#2146572675
0!
#2147572650
1!
#2148572675
0!
#2149572650
1!
#2150572650
0!
#2151572650
1!
#2152572675
0!
#2153572650
1!
#2154572650
0!
#2155572650
1!
#2156572675
0!
#2157572650
1!
#2158572650
0!
#2159572650
1!
#2160572675
0!
#2161572650
1!
#2162572650
0!
#2163572650
1!
#2164572675
0!
#2165572650
1!
#2166572650
0!
#2167572650
1!
#2168572675
0!
#2169572650
1!
#2170572650
0!
#2171572650
1!
#2172572650
0!
#2173572650
1!
#2174572650
0!
#2175572650
1!
#2176572675
0!
#2177572650
1!
#2178572650
0!
#2179572650
1!
#2180572650
0!
#2181572650
1!
#2182572650
0!
#2183572650
1!
#2184572650
0!
#2185572650
1!
#2186572650
0!
#2187572650
1!
#2188572650
0!
#2189572650
1!
#2190572650
0!
#2191572650
1!
#2192572650
0!
#2193572650
1!
#2194572650
0!
#2195572650
1!
#2196572650
0!
#2197572650
1!
#2198572650
0!
#2199572650
1!
#2200572650
0!
#2201572650
1!
#2202572650
0!
#2203572650
1!
#2204572650
0!
#2205572650
1!
#2206572650
0!
#2207572650
1!
#2208572650
0!
#2209572650
1!
#2210572650
0!
#2211572650
1!
#2212572650
0!
#2213572650
1!
#2214572650
0!
#2215572650
1!
#2216572650
0!
#2217572650
1!
#2218572650
0!
#2219572650
1!
#2220572650
0!
#2221572650
1!
#2222572650
0!
#2223572650
1!
#2224572650
0!
#2225572650
1!
#2226572650
0!
#2227572650
1!
#2228572650
0!
#2229572650
1!
#2230572650
0!
#2231572650
1!
#2232572650
0!
#2233572650
1!
#2234572650
0!
#2235572650
1!
#2236572650
0!
#2237572650
1!
#2238572650
0!
#2239572650
1!
#2240572650
0!
#2241572650
1!
#2242572650
0!
#2243572650
1!
#2244572650
0!
#2245572650
1!
#2246572650
0!
#2247572650
1!
#2248572650
0!
#2249572650
1!
#2250572650
0!
#2251572650
1!
#2252572650
0!
#2253572650
1!
#2254572650
0!
#2255572650
1!
#2256572650
0!
#2257572650
1!
#2258572650
0!
#2259572650
1!
#2260572650
0!
#2261572650
1!
#2262572650
0!
#2263572650
1!
#2264572650
0!
#2265572675
1!
#2266572650
0!
#2267572650
1!
#2268572650
0!
#2269572675
1!
#2270572650
0!
#2271572650
1!
#2272572650
0!
#2273572675
1!
#2274572650
0!
#2275572650
1!
#2276572650
0!
#2277572675
1!
#2278572650
0!
#2279572650
1!
#2280572650
0!
#2281572675
1!
#2282572650
0!
#2283572650
1!
#2284572650
0!
#2285572675
1!
#2286572650
0!
#2287572650
1!
#2288572650
0!
#2289572675
1!
#2290572650
0!
#2291572650
1!
#2292572650
0!
#2293572675
1!
#2294572650
0!
#2295572650
1!
#2296572650
0!
#2297572675
1!
#2298572650
0!
#2299572650
1!
#2300572650
0!
#2301572675
1!
#2302572650
0!
#2303572650
1!
#2304572650
0!
#2305572650
1!
#2306572650
0!
#2307572650
1!
#2308572650
0!
#2309572650
1!
#2310572650
0!
#2311572650
1!
#2312572650
0!
#2313572650
1!
#2314572650
0!
#2315572650
1!
#2316572650
0!
#2317572650
1!
#2318572650
0!
#2319572650
1!
#2320572650
0!
#2321572650
1!
#2322572650
0!
#2323572650
1!
#2324572650
0!
#2325572650
1!
#2326572650
0!
#2327572650
1!
#2328572650
0!
#2329572650
1!
#2330572650
0!
#2331572650
1!
#2332572650
0!
#2333572650
1!
#2334572650
0!
#2335572650
1!
#2336572650
0!
#2337572650
1!
#2338572650
0!
#2339572650
1!
#2340572650
0!
#2341572650
1!
#2342572650
0!
#2343572650
1!
#2344572650
0!
#2345572650
1!
#2346572650
0!
#2347572650
1!
#2348572650
0!
#2349572650
1!
#2350572650
0!
#2351572650
1!
#2352572650
0!
#2353572650
1!
#2354572650
0!
#2355572650
1!
#2356572650
0!
#2357572650
1!
#2358572650
0!
#2359572650
1!
#2360572650
0!
#2361572650
1!
#2362572650
0!
#2363572650
1!
#2364572650
0!
#2365572650
1!
#2366572650
0!
#2367572650
1!
#2368572650
0!
#2369572650
1!
#2370572650
0!
#2371572650
1!
#2372572650
0!
#2373572650
1!
#2374572650
0!
#2375572650
1!
#2376572650
0!
#2377572650
1!
#2378572650
0!
#2379572650
1!
#2380572650
0!
#2381572650
1!
#2382572650
0!
#2383572650
1!
#2384572650
0!
#2385572650
1!
#2386572650
0!
#2387572650
1!
#2388572650
0!
#2389572650
1!
#2390572675
0!
#2391572650
1!
#2392572650
0!
#2393572650
1!
#2394572675
0!
#2395572650
1!
#2396572650
0!
#2397572650
1!
#2398572675
0!
#2399572650
1!
#2400572650
0!
#2401572650
1!
#2402572675
0!
#2403572650
1!
#2404572650
0!
#2405572650
1!
#2406572675
0!
#2407572650
1!
#2408572650
0!
#2409572650
1!
#2410572675
0!
#2411572650
1!
#2412572650
0!
#2413572650
1!
#2414572675
0!
#2415572650
1!
#2416572650
0!
#2417572650
1!
#2418572675
0!
#2419572650
1!
#2420572650
0!
#2421572650
1!
#2422572675
0!
#2423572650
1!
#2424572650
0!
#2425572650
1!
#2426572675
0!
#2427572650
1!
#2428572650
0!
#2429572650
1!
#2430572650
0!
#2431572650
1!
#2432572650
0!
#2433572650
1!
#2434572650
0!
#2435572650
1!
#2436572650
0!
#2437572650
1!
#2438572650
0!
#2439572650
1!
#2440572650
0!
#2441572650
1!
#2442572650
0!
#2443572650
1!
#2444572650
0!
#2445572650
1!
#2446572650
0!
#2447572650
1!
#2448572650
0!
#2449572650
1!
#2450572650
0!
#2451572650
1!
#2452572650
0!
#2453572650
1!
#2454572650
0!
#2455572650
1!
#2456572650
0!
#2457572650
1!
#2458572650
0!
#2459572650
1!
#2460572650
0!
#2461572650
1!
#2462572650
0!
#2463572650
1!
#2464572650
0!
#2465572650
1!
#2466572650
0!
#2467572650
1!
#2468572650
0!
#2469572650
1!
#2470572650
0!
#2471572650
1!
#2472572650
0!
#2473572650
1!
#2474572650
0!
#2475572650
1!
#2476572650
0!
#2477572650
1!
#2478572650
0!
#2479572650
1!
#2480572650
0!
#2481572650
1!
#2482572650
0!
#2483572650
1!
#2484572650
0!
#2485572650
1!
#2486572650
0!
#2487572650
1!
#2488572650
0!
#2489572650
1!
#2490572650
0!
#2491572650
1!
#2492572650
0!
#2493572650
1!
#2494572650
0!
#2495572650
1!
#2496572650
0!
#2497572650
1!
#2498572650
0!
#2499572650
1!
#2500572650
0!
#2501572650
1!
#2502572650
0!
#2503572650
1!
#2504572650
0!
#2505572650
1!
#2506572650
0!
#2507572650
1!
#2508572650
0!
#2509572650
1!
#2510572650
0!
#2511572650
1!
#2512572650
0!
#2513572650
1!
#2514572650
0!
#2515572675
1!
#2516572650
0!
#2517572650
1!
#2518572650
0!
#2519572675
1!
#2520572650
0!
#2521572650
1!
#2522572650
0!
#2523572675
1!
#2524572650
0!
#2525572650
1!
#2526572650
0!
#2527572675
1!
#2528572650
0!
#2529572650
1!
#2530572650
0!
#2531572675
1!
#2532572650
0!
#2533572650
1!
#2534572650
0!
#2535572675
1!
#2536572650
0!
#2537572650
1!
#2538572650
0!
#2539572675
1!
#2540572650
0!
#2541572650
1!
#2542572650
0!
#2543572675
1!
#2544572650
0!
#2545572650
1!
#2546572650
0!
#2547572675
1!
#2548572650
0!
#2549572650
1!
#2550572650
0!
#2551572675
1!
#2552572650
0!
#2553572650
1!
#2554572650
0!
#2555572650
1!
#2556572650
0!
#2557572650
1!
#2558572650
0!
#2559572650
1!
#2560572650
0!
#2561572650
1!
#2562572650
0!
#2563572650
1!
#2564572650
0!
#2565572650
1!
#2566572650
0!
#2567572650
1!
#2568572650
0!
#2569572650
1!
#2570572650
0!
#2571572650
1!
#2572572650
0!
#2573572650
1!
#2574572650
0!
#2575572650
1!
#2576572650
0!
#2577572650
1!
#2578572650
0!
#2579572650
1!
#2580572650
0!
#2581572650
1!
#2582572650
0!
#2583572650
1!
#2584572650
0!
#2585572650
1!
#2586572650
0!
#2587572650
1!
#2588572650
0!
#2589572650
1!
#2590572650
0!
#2591572650
1!
#2592572650
0!
#2593572650
1!
#2594572650
0!
#2595572650
1!
#2596572650
0!
#2597572650
1!
#2598572650
0!
#2599572650
1!
#2600572650
0!
#2601572650
1!
#2602572650
0!
#2603572650
1!
#2604572650
0!
#2605572650
1!
#2606572650
0!
#2607572650
1!
#2608572650
0!
#2609572650
1!
#2610572650
0!
#2611572650
1!
#2612572650
0!
#2613572650
1!
#2614572650
0!
#2615572650
1!
#2616572650
0!
#2617572650
1!
#2618572650
0!
#2619572650
1!
#2620572650
0!
#2621572650
1!
#2622572650
0!
#2623572650
1!
#2624572650
0!
#2625572650
1!
#2626572650
0!
#2627572650
1!
#2628572650
0!
#2629572650
1!
#2630572650
0!
#2631572650
1!
#2632572650
0!
#2633572650
1!
#2634572650
0!
#2635572650
1!
#2636572650
0!
#2637572650
1!
#2638572650
0!
#2639572650
1!
#2640572675
0!
#2641572650
1!
#2642572650
0!
#2643572650
1!
#2644572675
0!
#2645572650
1!
#2646572650
0!
#2647572650
1!
#2648572675
0!
#2649572650
1!
#2650572650
0!
#2651572650
1!
#2652572650
0!
#2653572650
1!
#2654572650
0!
#2655572650
1!
#2656572675
0!
#2657572650
1!
#2658572650
0!
#2659572650
1!
#2660572675
0!
#2661572650
1!
#2662572650
0!
#2663572650
1!
#2664572675
0!
#2665572650
1!
#2666572650
0!
#2667572650
1!
#2668572650
0!
#2669572650
1!
#2670572650
0!
#2671572650
1!
#2672572675
0!
#2673572650
1!
#2674572650
0!
#2675572650
1!
#2676572675
0!
#2677572650
1!
#2678572650
0!
#2679572650
1!
#2680572650
0!
#2681572650
1!
#2682572650
0!
#2683572650
1!
#2684572650
0!
#2685572650
1!
#2686572650
0!
#2687572650
1!
#2688572650
0!
#2689572650
1!
#2690572650
0!
#2691572650
1!
#2692572650
0!
#2693572650
1!
#2694572650
0!
#2695572650
1!
#2696572650
0!
#2697572650
1!
#2698572650
0!
#2699572650
1!
#2700572650
0!
#2701572650
1!
#2702572650
0!
#2703572650
1!
#2704572650
0!
#2705572650
1!
#2706572650
0!
#2707572650
1!
#2708572650
0!
#2709572650
1!
#2710572650
0!
#2711572650
1!
#2712572650
0!
#2713572650
1!
#2714572650
0!
#2715572650
1!
#2716572650
0!
#2717572650
1!
#2718572650
0!
#2719572650
1!
#2720572650
0!
#2721572650
1!
#2722572650
0!
#2723572650
1!
#2724572650
0!
#2725572650
1!
#2726572650
0!
#2727572650
1!
#2728572650
0!
#2729572650
1!
#2730572650
0!
#2731572650
1!
#2732572650
0!
#2733572650
1!
#2734572650
0!
#2735572650
1!
#2736572650
0!
#2737572650
1!
#2738572650
0!
#2739572650
1!
#2740572650
0!
#2741572650
1!
#2742572650
0!
#2743572650
1!
#2744572650
0!
#2745572650
1!
#2746572650
0!
#2747572650
1!
#2748572650
0!
#2749572650
1!
#2750572650
0!
#2751572650
1!
#2752572650
0!
#2753572650
1!
#2754572650
0!
#2755572650
1!
#2756572650
0!
#2757572650
1!
#2758572650
0!
#2759572650
1!
#2760572650
0!
#2761572650
1!
#2762572650
0!
#2763572650
1!
#2764572650
0!
#2765572675
1!
#2766572650
0!
#2767572650
1!
#2768572650
0!
#2769572675
1!
#2770572650
0!
#2771572650
1!
#2772572650
0!
#2773572675
1!
#2774572650
0!
#2775572650
1!
#2776572650
0!
#2777572675
1!
#2778572650
0!
#2779572650
1!
#2780572650
0!
#2781572675
1!
#2782572650
0!
#2783572650
1!
#2784572650
0!
#2785572675
1!
#2786572650
0!
#2787572650
1!
#2788572650
0!
#2789572675
1!
#2790572650
0!
#2791572650
1!
#2792572650
0!
#2793572675
1!
#2794572650
0!
#2795572650
1!
#2796572650
0!
#2797572675
1!
#2798572650
0!
#2799572650
1!
#2800572650
0!
#2801572675
1!
#2802572650
0!
#2803572650
1!
#2804572650
0!
#2805572650
1!
#2806572650
0!
#2807572650
1!
#2808572650
0!
#2809572650
1!
#2810572650
0!
#2811572650
1!
#2812572650
0!
#2813572650
1!
#2814572650
0!
#2815572650
1!
#2816572650
0!
#2817572650
1!
#2818572650
0!
#2819572650
1!
#2820572650
0!
#2821572650
1!
#2822572650
0!
#2823572650
1!
#2824572650
0!
#2825572650
1!
#2826572650
0!
#2827572650
1!
#2828572650
0!
#2829572650
1!
#2830572650
0!
#2831572650
1!
#2832572650
0!
#2833572650
1!
#2834572650
0!
#2835572650
1!
#2836572650
0!
#2837572650
1!
#2838572650
0!
#2839572650
1!
#2840572650
0!
#2841572650
1!
#2842572650
0!
#2843572650
1!
#2844572650
0!
#2845572650
1!
#2846572650
0!
#2847572650
1!
#2848572650
0!
#2849572650
1!
#2850572650
0!
#2851572650
1!
#2852572650
0!
#2853572650
1!
#2854572650
0!
#2855572650
1!
#2856572650
0!
#2857572650
1!
#2858572650
0!
#2859572650
1!
#2860572650
0!
#2861572650
1!
#2862572650
0!
#2863572650
1!
#2864572650
0!
#2865572650
1!
#2866572650
0!
#2867572650
1!
#2868572650
0!
#2869572650
1!
#2870572650
0!
#2871572650
1!
#2872572650
0!
#2873572650
1!
#2874572650
0!
#2875572650
1!
#2876572650
0!
#2877572650
1!
#2878572650
0!
#2879572650
1!
#2880572650
0!
#2881572650
1!
#2882572650
0!
#2883572650
1!
#2884572650
0!
#2885572650
1!
#2886572650
0!
#2887572650
1!
#2888572650
0!
#2889572650
1!
#2890572675
0!
#2891572650
1!
#2892572650
0!
#2893572650
1!
#2894572675
0!
#2895572650
1!
#2896572650
0!
#2897572650
1!
#2898572675
0!
#2899572650
1!
#2900572650
0!
#2901572650
1!
#2902572675
0!
#2903572650
1!
#2904572650
0!
#2905572650
1!
#2906572675
0!
#2907572650
1!
#2908572650
0!
#2909572650
1!
#2910572675
0!
#2911572650
1!
#2912572650
0!
#2913572650
1!
#2914572675
0!
#2915572650
1!
#2916572650
0!
#2917572650
1!
#2918572675
0!
#2919572650
1!
#2920572650
0!
#2921572650
1!
#2922572675
0!
#2923572650
1!
#2924572650
0!
#2925572650
1!
#2926572675
0!
#2927572650
1!
#2928572650
0!
#2929572650
1!
#2930572650
0!
#2931572650
1!
#2932572650
0!
#2933572650
1!
#2934572650
0!
#2935572650
1!
#2936572650
0!
#2937572650
1!
#2938572650
0!
#2939572650
1!
#2940572650
0!
#2941572650
1!
#2942572650
0!
#2943572650
1!
#2944572650
0!
#2945572650
1!
#2946572650
0!
#2947572650
1!
#2948572650
0!
#2949572650
1!
#2950572650
0!
#2951572650
1!
#2952572650
0!
#2953572650
1!
#2954572650
0!
#2955572650
1!
#2956572650
0!
#2957572650
1!
#2958572650
0!
#2959572650
1!
#2960572650
0!
#2961572650
1!
#2962572650
0!
#2963572650
1!
#2964572650
0!
#2965572650
1!
#2966572650
0!
#2967572650
1!
#2968572650
0!
#2969572650
1!
#2970572650
0!
#2971572650
1!
#2972572650
0!
#2973572650
1!
#2974572650
0!
#2975572650
1!
#2976572650
0!
#2977572650
1!
#2978572650
0!
#2979572650
1!
#2980572650
0!
#2981572650
1!
#2982572650
0!
#2983572650
1!
#2984572650
0!
#2985572650
1!
#2986572650
0!
#2987572650
1!
#2988572650
0!
#2989572650
1!
#2990572650
0!
#2991572650
1!
#2992572650
0!
#2993572650
1!
#2994572650
0!
#2995572650
1!
#2996572650
0!
#2997572650
1!
#2998572650
0!
#2999572650
1!
#3000572650
0!
#3001572650
1!
#3002572650
0!
#3003572650
1!
#3004572650
0!
#3005572650
1!
#3006572650
0!
#3007572650
1!
#3008572650
0!
#3009572650
1!
#3010572650
0!
#3011572650
1!
#3012572650
0!
#3013572650
1!
#3014572650
0!
#3015572675
1!
#3016572650
0!
#3017572650
1!
#3018572650
0!
#3019572675
1!
#3020572650
0!
#3021572650
1!
#3022572650
0!
#3023572675
1!
#3024572650
0!
#3025572650
1!
#3026572650
0!
#3027572675
1!
#3028572650
0!
#3029572650
1!
#3030572650
0!
#3031572675
1!
#3032572650
0!
#3033572650
1!
#3034572650
0!
#3035572675
1!
#3036572650
0!
#3037572650
1!
#3038572650
0!
#3039572675
1!
#3040572650
0!
#3041572650
1!
#3042572650
0!
#3043572675
1!
#3044572650
0!
#3045572650
1!
#3046572650
0!
#3047572675
1!
#3048572650
0!
#3049572650
1!
#3050572650
0!
#3051572675
1!
#3052572650
0!
#3053572650
1!
#3054572650
0!
#3055572650
1!
#3056572650
0!
#3057572650
1!
#3058572650
0!
#3059572650
1!
#3060572650
0!
#3061572650
1!
#3062572650
0!
#3063572650
1!
#3064572650
0!
#3065572650
1!
#3066572650
0!
#3067572650
1!
#3068572650
0!
#3069572650
1!
#3070572650
0!
#3071572650
1!
#3072572650
0!
#3073572650
1!
#3074572650
0!
#3075572650
1!
#3076572650
0!
#3077572650
1!
#3078572650
0!
#3079572650
1!
#3080572650
0!
#3081572650
1!
#3082572650
0!
#3083572650
1!
#3084572650
0!
#3085572650
1!
#3086572650
0!
#3087572650
1!
#3088572650
0!
#3089572650
1!
#3090572650
0!
#3091572650
1!
#3092572650
0!
#3093572650
1!
#3094572650
0!
#3095572650
1!
#3096572650
0!
#3097572650
1!
#3098572650
0!
#3099572650
1!
#3100572650
0!
#3101572650
1!
#3102572650
0!
#3103572650
1!
#3104572650
0!
#3105572650
1!
#3106572650
0!
#3107572650
1!
#3108572650
0!
#3109572650
1!
#3110572650
0!
#3111572650
1!
#3112572650
0!
#3113572650
1!
#3114572650
0!
#3115572650
1!
#3116572650
0!
#3117572650
1!
#3118572650
0!
#3119572650
1!
#3120572650
0!
#3121572650
1!
#3122572650
0!
#3123572650
1!
#3124572650
0!
#3125572650
1!
#3126572650
0!
#3127572650
1!
#3128572650
0!
#3129572650
1!
#3130572650
0!
#3131572650
1!
#3132572650
0!
#3133572650
1!
#3134572650
0!
#3135572650
1!
#3136572650
0!
#3137572650
1!
#3138572650
0!
#3139572650
1!
#3140572675
0!
#3141572650
1!
#3142572650
0!
#3143572650
1!
#3144572675
0!
#3145572650
1!
#3146572650
0!
#3147572650
1!
#3148572650
0!
#3149572650
1!
#3150572650
0!
#3151572650
1!
#3152572675
0!
#3153572650
1!
#3154572650
0!
#3155572650
1!
#3156572675
0!
#3157572650
1!
#3158572650
0!
#3159572650
1!
#3160572675
0!
#3161572650
1!
#3162572650
0!
#3163572650
1!
#3164572650
0!
#3165572650
1!
#3166572650
0!
#3167572650
1!
#3168572675
0!
#3169572650
1!
#3170572650
0!
#3171572650
1!
#3172572675
0!
#3173572650
1!
#3174572650
0!
#3175572650
1!
#3176572675
0!
#3177572650
1!
#3178572650
0!
#3179572650
1!
#3180572650
0!
#3181572650
1!
#3182572650
0!
#3183572650
1!
#3184572650
0!
#3185572650
1!
#3186572650
0!
#3187572650
1!
#3188572650
0!
#3189572650
1!
#3190572650
0!
#3191572650
1!
#3192572650
0!
#3193572650
1!
#3194572650
0!
#3195572650
1!
#3196572650
0!
#3197572650
1!
#3198572650
0!
#3199572650
1!
#3200572650
0!
#3201572650
1!
#3202572650
0!
#3203572650
1!
#3204572650
0!
#3205572650
1!
#3206572650
0!
#3207572650
1!
#3208572650
0!
#3209572650
1!
#3210572650
0!
#3211572650
1!
#3212572650
0!
#3213572650
1!
#3214572650
0!
#3215572650
1!
#3216572650
0!
#3217572650
1!
#3218572650
0!
#3219572650
1!
#3220572650
0!
#3221572650
1!
#3222572650
0!
#3223572650
1!
#3224572650
0!
#3225572650
1!
#3226572650
0!
#3227572650
1!
#3228572650
0!
#3229572650
1!
#3230572650
0!
#3231572650
1!
#3232572650
0!
#3233572650
1!
#3234572650
0!
#3235572650
1!
#3236572650
0!
#3237572650
1!
#3238572650
0!
#3239572650
1!
#3240572650
0!
#3241572650
1!
#3242572650
0!
#3243572650
1!
#3244572650
0!
#3245572650
1!
#3246572650
0!
#3247572650
1!
#3248572650
0!
#3249572650
1!
#3250572650
0!
#3251572650
1!
#3252572650
0!
#3253572650
1!
#3254572650
0!
#3255572650
1!
#3256572650
0!
#3257572650
1!
#3258572650
0!
#3259572650
1!
#3260572650
0!
#3261572650
1!
#3262572650
0!
#3263572650
1!
#3264572650
0!
#3265572675
1!
#3266572650
0!
#3267572650
1!
#3268572650
0!
#3269572675
1!
#3270572650
0!
#3271572650
1!
#3272572650
0!
#3273572675
1!
#3274572650
0!
#3275572650
1!
#3276572650
0!
#3277572675
1!
#3278572650
0!
#3279572650
1!
#3280572650
0!
#3281572675
1!
#3282572650
0!
#3283572650
1!
#3284572650
0!
#3285572675
1!
#3286572650
0!
#3287572650
1!
#3288572650
0!
#3289572675
1!
#3290572650
0!
#3291572650
1!
#3292572650
0!
#3293572675
1!
#3294572650
0!
#3295572650
1!
#3296572650
0!
#3297572675
1!
#3298572650
0!
#3299572650
1!
#3300572650
0!
#3301572675
1!
#3302572650
0!
#3303572650
1!
#3304572650
0!
#3305572650
1!
#3306572650
0!
#3307572650
1!
#3308572650
0!
#3309572650
1!
#3310572650
0!
#3311572650
1!
#3312572650
0!
#3313572650
1!
#3314572650
0!
#3315572650
1!
#3316572650
0!
#3317572650
1!
#3318572650
0!
#3319572650
1!
#3320572650
0!
#3321572650
1!
#3322572650
0!
#3323572650
1!
#3324572650
0!
#3325572650
1!
#3326572650
0!
#3327572650
1!
#3328572650
0!
#3329572650
1!
#3330572650
0!
#3331572650
1!
#3332572650
0!
#3333572650
1!
#3334572650
0!
#3335572650
1!
#3336572650
0!
#3337572650
1!
#3338572650
0!
#3339572650
1!
#3340572650
0!
#3341572650
1!
#3342572650
0!
#3343572650
1!
#3344572650
0!
#3345572650
1!
#3346572650
0!
#3347572650
1!
#3348572650
0!
#3349572650
1!
#3350572650
0!
#3351572650
1!
#3352572650
0!
#3353572650
1!
#3354572650
0!
#3355572650
1!
#3356572650
0!
#3357572650
1!
#3358572650
0!
#3359572650
1!
#3360572650
0!
#3361572650
1!
#3362572650
0!
#3363572650
1!
#3364572650
0!
#3365572650
1!
#3366572650
0!
#3367572650
1!
#3368572650
0!
#3369572650
1!
#3370572650
0!
#3371572650
1!
#3372572650
0!
#3373572650
1!
#3374572650
0!
#3375572650
1!
#3376572650
0!
#3377572650
1!
#3378572650
0!
#3379572650
1!
#3380572650
0!
#3381572650
1!
#3382572650
0!
#3383572650
1!
#3384572650
0!
#3385572650
1!
#3386572650
0!
#3387572650
1!
#3388572650
0!
#3389572650
1!
#3390572650
0!
#3391572650
1!
#3392572650
0!
#3393572650
1!
#3394572650
0!
#3395572650
1!
#3396572650
0!
#3397572650
1!
#3398572650
0!
#3399572650
1!
#3400572650
0!
#3401572650
1!
#3402572650
0!
#3403572650
1!
#3404572650
0!
#3405572650
1!
#3406572650
0!
#3407572650
1!
#3408572650
0!
#3409572650
1!
#3410572650
0!
#3411572650
1!
#3412572650
0!
#3413572650
1!
#3414572650
0!
#3415572650
1!
#3416572650
0!
#3417572650
1!
#3418572650
0!
#3419572650
1!
#3420572650
0!
#3421572650
1!
#3422572650
0!
#3423572650
1!
#3424572650
0!
#3425572650
1!
#3426572650
0!
#3427572650
1!
#3428572650
0!
#3429572650
1!
#3430572650
0!
#3431572650
1!
#3432572650
0!
#3433572650
1!
#3434572650
0!
#3435572650
1!
#3436572650
0!
#3437572650
1!
#3438572650
0!
#3439572650
1!
#3440572650
0!
#3441572650
1!
#3442572650
0!
#3443572650
1!
#3444572650
0!
#3445572650
1!
#3446572650
0!
#3447572650
1!
#3448572650
0!
#3449572650
1!
#3450572650
0!
#3451572650
1!
#3452572650
0!
#3453572650
1!
#3454572650
0!
#3455572650
1!
#3456572650
0!
#3457572650
1!
#3458572650
0!
#3459572650
1!
#3460572650
0!
#3461572650
1!
#3462572650
0!
#3463572650
1!
#3464572650
0!
#3465572650
1!
#3466572650
0!
#3467572650
1!
#3468572650
0!
#3469572650
1!
#3470572650
0!
#3471572650
1!
#3472572650
0!
#3473572650
1!
#3474572650
0!
#3475572650
1!
#3476572650
0!
#3477572650
1!
#3478572650
0!
#3479572650
1!
#3480572650
0!
#3481572650
1!
#3482572650
0!
#3483572650
1!
#3484572650
0!
#3485572650
1!
#3486572650
0!
#3487572650
1!
#3488572650
0!
#3489572650
1!
#3490572650
0!
#3491572650
1!
#3492572650
0!
#3493572650
1!
#3494572650
0!
#3495572650
1!
#3496572650
0!
#3497572650
1!
#3498572650
0!
#3499572650
1!
#3500572650
0!
#3501572650
1!
#3502572650
0!
#3503572650
1!
#3504572650
0!
#3505572650
1!
#3506572650
0!
#3507572650
1!
#3508572650
0!
#3509572650
1!
#3510572650
0!
#3511572650
1!
#3512572650
0!
#3513572650
1!
#3514572650
0!
#3515572650
1!
#3516572650
0!
#3517572650
1!
#3518572650
0!
#3519572650
1!
#3520572650
0!
#3521572650
1!
#3522572650
0!
#3523572650
1!
#3524572650
0!
#3525572650
1!
#3526572650
0!
#3527572650
1!
#3528572650
0!
#3529572650
1!
#3530572650
0!
#3531572650
1!
#3532572650
0!
#3533572650
1!
#3534572650
0!
#3535572650
1!
#3536572650
0!
#3537572650
1!
#3538572650
0!
#3539572650
1!
#3540572650
0!
#3541572650
1!
#3542572650
0!
#3543572650
1!
#3544572650
0!
#3545572650
1!
#3546572650
0!
#3547572650
1!
#3548572650
0!
#3549572650
1!
#3550572650
0!
#3551572650
1!
#3552572650
0!
#3553572650
1!
#3554572650
0!
#3555572650
1!
#3556572650
0!
#3557572650
1!
#3558572650
0!
#3559572650
1!
#3560572650
0!
#3561572650
1!
#3562572650
0!
#3563572650
1!
#3564572650
0!
#3565572650
1!
#3566572650
0!
#3567572650
1!
#3568572650
0!
#3569572650
1!
#3570572650
0!
#3571572650
1!
#3572572650
0!
#3573572650
1!
#3574572650
0!
#3575572650
1!
#3576572650
0!
#3577572650
1!
#3578572650
0!
#3579572650
1!
#3580572650
0!
#3581572650
1!
#3582572650
0!
#3583572650
1!
#3584572650
0!
#3585572650
1!
#3586572650
0!
#3587572650
1!
#3588572650
0!
#3589572650
1!
#3590572650
0!
#3591572650
1!
#3592572650
0!
#3593572650
1!
#3594572650
0!
#3595572650
1!
#3596572650
0!
#3597572650
1!
#3598572650
0!
#3599572650
1!
#3600572650
0!
#3601572650
1!
#3602572650
0!
#3603572650
1!
#3604572650
0!
#3605572650
1!
#3606572650
0!
#3607572650
1!
#3608572650
0!
#3609572650
1!
#3610572650
0!
#3611572650
1!
#3612572650
0!
#3613572650
1!
#3614572650
0!
#3615572650
1!
#3616572650
0!
#3617572650
1!
#3618572650
0!
#3619572650
1!
#3620572650
0!
#3621572650
1!
#3622572650
0!
#3623572650
1!
#3624572650
0!
#3625572650
1!
#3626572650
0!
#3627572650
1!
#3628572650
0!
#3629572650
1!
#3630572650
0!
#3631572650
1!
#3632572650
0!
#3633572650
1!
#3634572650
0!
#3635572650
1!
#3636572650
0!
#3637572650
1!
#3638572650
0!
#3639572650
1!
#3640572650
0!
#3641572650
1!
#3642572650
0!
#3643572650
1!
#3644572650
0!
#3645572650
1!
#3646572650
0!
#3647572650
1!
#3648572650
0!
#3649572650
1!
#3650572650
0!
#3651572650
1!
#3652572650
0!
#3653572650
1!
#3654572650
0!
#3655572650
1!
#3656572650
0!
#3657572650
1!
#3658572650
0!
#3659572650
1!
#3660572650
0!
#3661572650
1!
#3662572650
0!
#3663572650
1!
#3664572650
0!
#3665572650
1!
#3666572650
0!
#3667572650
1!
#3668572650
0!
#3669572650
1!
#3670572650
0!
#3671572650
1!
#3672572650
0!
#3673572650
1!
#3674572650
0!
#3675572650
1!
#3676572650
0!
#3677572650
1!
#3678572650
0!
#3679572650
1!
#3680572650
0!
#3681572650
1!
#3682572650
0!
#3683572650
1!
#3684572650
0!
#3685572650
1!
#3686572650
0!
#3687572650
1!
#3688572650
0!
#3689572650
1!
#3690572650
0!
#3691572650
1!
#3692572650
0!
#3693572650
1!
#3694572650
0!
#3695572650
1!
#3696572650
0!
#3697572650
1!
#3698572650
0!
#3699572650
1!
#3700572650
0!
#3701572650
1!
#3702572650
0!
#3703572650
1!
#3704572650
0!
#3705572650
1!
#3706572650
0!
#3707572650
1!
#3708572650
0!
#3709572650
1!
#3710572650
0!
#3711572650
1!
#3712572650
0!
#3713572650
1!
#3714572650
0!
#3715572650
1!
#3716572650
0!
#3717572650
1!
#3718572650
0!
#3719572650
1!
#3720572650
0!
#3721572650
1!
#3722572650
0!
#3723572650
1!
#3724572650
0!
#3725572650
1!
#3726572650
0!
#3727572650
1!
#3728572650
0!
#3729572650
1!
#3730572650
0!
#3731572650
1!
#3732572650
0!
#3733572650
1!
#3734572650
0!
#3735572650
1!
#3736572650
0!
#3737572650
1!
#3738572650
0!
#3739572650
1!
#3740572650
0!
#3741572650
1!
#3742572650
0!
#3743572650
1!
#3744572650
0!
#3745572650
1!
#3746572650
0!
#3747572650
1!
#3748572650
0!
#3749572650
1!
#3750572650
0!
#3751572650
1!
#3752572650
0!
#3753572650
1!
#3754572650
0!
#3755572650
1!
#3756572650
0!
#3757572650
1!
#3758572650
0!
#3759572650
1!
#3760572650
0!
#3761572650
1!
#3762572650
0!
#3763572650
1!
#3764572650
0!
#3765572650
1!
#3766572650
0!
#3767572650
1!
#3768572650
0!
#3769572650
1!
#3770572650
0!
#3771572650
1!
#3772572650
0!
#3773572650
1!
#3774572650
0!
#3775572650
1!
#3776572650
0!
#3777572650
1!
#3778572650
0!
#3779572650
1!
#3780572650
0!
#3781572650
1!
#3782572650
0!
#3783572650
1!
#3784572650
0!
#3785572650
1!
#3786572650
0!
#3787572650
1!
#3788572650
0!
#3789572650
1!
#3790572650
0!
#3791572650
1!
#3792572650
0!
#3793572650
1!
#3794572650
0!
#3795572650
1!
#3796572650
0!
#3797572650
1!
#3798572650
0!
#3799572650
1!
#3800572650
0!
#3801572650
1!
#3802572650
0!
#3803572650
1!
#3804572650
0!
#3805572650
1!
#3806572650
0!
#3807572650
1!
#3808572650
0!
#3809572650
1!
#3810572650
0!
#3811572650
1!
#3812572650
0!
#3813572650
1!
#3814572650
0!
#3815572650
1!
#3816572650
0!
#3817572650
1!
#3818572650
0!
#3819572650
1!
#3820572650
0!
#3821572650
1!
#3822572650
0!
#3823572650
1!
#3824572650
0!
#3825572650
1!
#3826572650
0!
#3827572650
1!
#3828572650
0!
#3829572650
1!
#3830572650
0!
#3831572650
1!
#3832572650
0!
#3833572650
1!
#3834572650
0!
#3835572650
1!
#3836572650
0!
#3837572650
1!
#3838572650
0!
#3839572650
1!
#3840572650
0!
#3841572650
1!
#3842572650
0!
#3843572650
1!
#3844572650
0!
#3845572650
1!
#3846572650
0!
#3847572650
1!
#3848572650
0!
#3849572650
1!
#3850572650
0!
#3851572650
1!
#3852572650
0!
#3853572650
1!
#3854572650
0!
#3855572650
1!
#3856572650
0!
#3857572650
1!
#3858572650
0!
#3859572650
1!
#3860572650
0!
#3861572650
1!
#3862572650
0!
#3863572650
1!
#3864572650
0!
#3865572650
1!
#3866572650
0!
#3867572650
1!
#3868572650
0!
#3869572650
1!
#3870572650
0!
#3871572650
1!
#3872572650
0!
#3873572650
1!
#3874572650
0!
#3875572650
1!
#3876572650
0!
#3877572650
1!
#3878572650
0!
#3879572650
1!
#3880572650
0!
#3881572650
1!
#3882572650
0!
#3883572650
1!
#3884572650
0!
#3885572650
1!
#3886572650
0!
#3887572650
1!
#3888572650
0!
#3889572650
1!
#3890572650
0!
#3891572650
1!
#3892572650
0!
#3893572650
1!
#3894572650
0!
#3895572650
1!
#3896572650
0!
#3897572650
1!
#3898572650
0!
#3899572650
1!
#3900572650
0!
#3901572650
1!
#3902572650
0!
#3903572650
1!
#3904572650
0!
#3905572650
1!
#3906572650
0!
#3907572650
1!
#3908572650
0!
#3909572650
1!
#3910572650
0!
#3911572650
1!
#3912572650
0!
#3913572650
1!
#3914572650
0!
#3915572650
1!
#3916572650
0!
#3917572650
1!
#3918572650
0!
#3919572650
1!
#3920572650
0!
#3921572650
1!
#3922572650
0!
#3923572650
1!
#3924572650
0!
#3925572650
1!
#3926572650
0!
#3927572650
1!
#3928572650
0!
#3929572650
1!
#3930572650
0!
#3931572650
1!
#3932572650
0!
#3933572650
1!
#3934572650
0!
#3935572650
1!
#3936572650
0!
#3937572650
1!
#3938572650
0!
#3939572650
1!
#3940572650
0!
#3941572650
1!
#3942572650
0!
#3943572650
1!
#3944572650
0!
#3945572650
1!
#3946572650
0!
#3947572650
1!
#3948572650
0!
#3949572650
1!
#3950572650
0!
#3951572650
1!
#3952572650
0!
#3953572650
1!
#3954572650
0!
#3955572650
1!
#3956572650
0!
#3957572650
1!
#3958572650
0!
#3959572650
1!
#3960572650
0!
#3961572650
1!
#3962572650
0!
#3963572650
1!
#3964572650
0!
#3965572650
1!
#3966572650
0!
#3967572650
1!
#3968572650
0!
#3969572650
1!
#3970572650
0!
#3971572650
1!
#3972572650
0!
#3973572650
1!
#3974572650
0!
#3975572650
1!
#3976572650
0!
#3977572650
1!
#3978572650
0!
#3979572650
1!
#3980572650
0!
#3981572650
1!
#3982572650
0!
#3983572650
1!
#3984572650
0!
#3985572650
1!
#3986572650
0!
#3987572650
1!
#3988572650
0!
#3989572650
1!
#3990572650
0!
#3991572650
1!
#3992572650
0!
#3993572650
1!
#3994572650
0!
#3995572650
1!
#3996572650
0!
#3997572650
1!
#3998572650
0!
#3999572650
1!
#4000572650
0!
#4001572650
1!
#4002572650
0!
#4003572650
1!
#4004572650
0!
#4005572675
1!
#4006572650
0!
#4007572650
1!
#4008572650
0!
#4009572650
1!
#4010572650
0!
#4011572650
1!
#4012572650
0!
#4013572675
1!
#4014572650
0!
#4015572650
1!
#4016572650
0!
#4017572650
1!
#4018572650
0!
#4019572650
1!
#4020572650
0!
#4021572675
1!
#4022572650
0!
#4023572650
1!
#4024572650
0!
#4025572650
1!
#4026572650
0!
#4027572650
1!
#4028572650
0!
#4029572675
1!
#4030572650
0!
#4031572650
1!
#4032572650
0!
#4033572650
1!
#4034572650
0!
#4035572650
1!
#4036572650
0!
#4037572675
1!
#4038572650
0!
#4039572650
1!
#4040572650
0!
#4041572650
1!
#4042572650
0!
#4043572650
1!
#4044572650
0!
#4045572675
1!
#4046572650
0!
#4047572650
1!
#4048572650
0!
#4049572650
1!
#4050572650
0!
#4051572650
1!
#4052572650
0!
#4053572675
1!
#4054572650
0!
#4055572650
1!
#4056572650
0!
#4057572650
1!
#4058572650
0!
#4059572650
1!
#4060572650
0!
#4061572650
1!
#4062572650
0!
#4063572650
1!
#4064572650
0!
#4065572650
1!
#4066572650
0!
#4067572650
1!
#4068572650
0!
#4069572650
1!
#4070572650
0!
#4071572650
1!
#4072572650
0!
#4073572650
1!
#4074572650
0!
#4075572650
1!
#4076572650
0!
#4077572650
1!
#4078572650
0!
#4079572650
1!
#4080572650
0!
#4081572650
1!
#4082572650
0!
#4083572650
1!
#4084572650
0!
#4085572650
1!
#4086572650
0!
#4087572650
1!
#4088572650
0!
#4089572650
1!
#4090572650
0!
#4091572650
1!
#4092572650
0!
#4093572650
1!
#4094572650
0!
#4095572650
1!
#4096572650
0!
#4097572650
1!
#4098572650
0!
#4099572650
1!
#4100572650
0!
#4101572650
1!
#4102572650
0!
#4103572650
1!
#4104572650
0!
#4105572650
1!
#4106572675
0!
#4107572650
1!
#4108572650
0!
#4109572650
1!
#4110572650
0!
#4111572650
1!
#4112572650
0!
#4113572650
1!
#4114572675
0!
#4115572650
1!
#4116572650
0!
#4117572650
1!
#4118572650
0!
#4119572650
1!
#4120572650
0!
#4121572650
1!
#4122572675
0!
#4123572650
1!
#4124572650
0!
#4125572650
1!
#4126572650
0!
#4127572650
1!
#4128572650
0!
#4129572650
1!
#4130572675
0!
#4131572650
1!
#4132572650
0!
#4133572650
1!
#4134572650
0!
#4135572650
1!
#4136572650
0!
#4137572650
1!
#4138572675
0!
#4139572650
1!
#4140572650
0!
#4141572650
1!
#4142572650
0!
#4143572650
1!
#4144572650
0!
#4145572650
1!
#4146572675
0!
#4147572650
1!
#4148572650
0!
#4149572650
1!
#4150572650
0!
#4151572650
1!
#4152572650
0!
#4153572650
1!
#4154572675
0!
#4155572650
1!
#4156572650
0!
#4157572650
1!
#4158572650
0!
#4159572650
1!
#4160572650
0!
#4161572650
1!
#4162572675
0!
#4163572650
1!
#4164572650
0!
#4165572650
1!
#4166572650
0!
#4167572650
1!
#4168572650
0!
#4169572650
1!
#4170572675
0!
#4171572650
1!
#4172572650
0!
#4173572650
1!
#4174572650
0!
#4175572650
1!
#4176572650
0!
#4177572650
1!
#4178572675
0!
#4179572650
1!
#4180572650
0!
#4181572650
1!
#4182572650
0!
#4183572650
1!
#4184572650
0!
#4185572650
1!
#4186572650
0!
#4187572650
1!
#4188572650
0!
#4189572650
1!
#4190572650
0!
#4191572650
1!
#4192572650
0!
#4193572650
1!
#4194572650
0!
#4195572650
1!
#4196572650
0!
#4197572650
1!
#4198572650
0!
#4199572650
1!
#4200572650
0!
#4201572650
1!
#4202572650
0!
#4203572650
1!
#4204572650
0!
#4205572650
1!
#4206572650
0!
#4207572650
1!
#4208572650
0!
#4209572650
1!
#4210572650
0!
#4211572650
1!
#4212572650
0!
#4213572650
1!
#4214572650
0!
#4215572650
1!
#4216572650
0!
#4217572650
1!
#4218572650
0!
#4219572650
1!
#4220572650
0!
#4221572650
1!
#4222572650
0!
#4223572650
1!
#4224572650
0!
#4225572650
1!
#4226572650
0!
#4227572650
1!
#4228572650
0!
#4229572650
1!
#4230572650
0!
#4231572675
1!
#4232572650
0!
#4233572650
1!
#4234572650
0!
#4235572650
1!
#4236572650
0!
#4237572650
1!
#4238572650
0!
#4239572675
1!
#4240572650
0!
#4241572650
1!
#4242572650
0!
#4243572650
1!
#4244572650
0!
#4245572650
1!
#4246572650
0!
#4247572675
1!
#4248572650
0!
#4249572650
1!
#4250572650
0!
#4251572650
1!
#4252572650
0!
#4253572650
1!
#4254572650
0!
#4255572675
1!
#4256572650
0!
#4257572650
1!
#4258572650
0!
#4259572650
1!
#4260572650
0!
#4261572650
1!
#4262572650
0!
#4263572675
1!
#4264572650
0!
#4265572650
1!
#4266572650
0!
#4267572650
1!
#4268572650
0!
#4269572650
1!
#4270572650
0!
#4271572675
1!
#4272572650
0!
#4273572650
1!
#4274572650
0!
#4275572650
1!
#4276572650
0!
#4277572650
1!
#4278572650
0!
#4279572675
1!
#4280572650
0!
#4281572650
1!
#4282572650
0!
#4283572650
1!
#4284572650
0!
#4285572650
1!
#4286572650
0!
#4287572675
1!
#4288572650
0!
#4289572650
1!
#4290572650
0!
#4291572650
1!
#4292572650
0!
#4293572650
1!
#4294572650
0!
#4295572675
1!
#4296572650
0!
#4297572650
1!
#4298572650
0!
#4299572650
1!
#4300572650
0!
#4301572650
1!
#4302572650
0!
#4303572675
1!
#4304572650
0!
#4305572650
1!
#4306572650
0!
#4307572650
1!
#4308572650
0!
#4309572650
1!
#4310572650
0!
#4311572650
1!
#4312572650
0!
#4313572650
1!
#4314572650
0!
#4315572650
1!
#4316572650
0!
#4317572650
1!
#4318572650
0!
#4319572650
1!
#4320572650
0!
#4321572650
1!
#4322572650
0!
#4323572650
1!
#4324572650
0!
#4325572650
1!
#4326572650
0!
#4327572650
1!
#4328572650
0!
#4329572650
1!
#4330572650
0!
#4331572650
1!
#4332572650
0!
#4333572650
1!
#4334572650
0!
#4335572650
1!
#4336572650
0!
#4337572650
1!
#4338572650
0!
#4339572650
1!
#4340572650
0!
#4341572650
1!
#4342572650
0!
#4343572650
1!
#4344572650
0!
#4345572650
1!
#4346572650
0!
#4347572650
1!
#4348572650
0!
#4349572650
1!
#4350572650
0!
#4351572650
1!
#4352572650
0!
#4353572650
1!
#4354572650
0!
#4355572650
1!
#4356572675
0!
#4357572650
1!
#4358572650
0!
#4359572650
1!
#4360572650
0!
#4361572650
1!
#4362572650
0!
#4363572650
1!
#4364572650
0!
#4365572650
1!
#4366572650
0!
#4367572650
1!
#4368572650
0!
#4369572650
1!
#4370572650
0!
#4371572650
1!
#4372572675
0!
#4373572650
1!
#4374572650
0!
#4375572650
1!
#4376572650
0!
#4377572650
1!
#4378572650
0!
#4379572650
1!
#4380572650
0!
#4381572650
1!
#4382572650
0!
#4383572650
1!
#4384572650
0!
#4385572650
1!
#4386572650
0!
#4387572650
1!
#4388572675
0!
#4389572650
1!
#4390572650
0!
#4391572650
1!
#4392572650
0!
#4393572650
1!
#4394572650
0!
#4395572650
1!
#4396572650
0!
#4397572650
1!
#4398572650
0!
#4399572650
1!
#4400572650
0!
#4401572650
1!
#4402572650
0!
#4403572650
1!
#4404572675
0!
#4405572650
1!
#4406572650
0!
#4407572650
1!
#4408572650
0!
#4409572650
1!
#4410572650
0!
#4411572650
1!
#4412572650
0!
#4413572650
1!
#4414572650
0!
#4415572650
1!
#4416572650
0!
#4417572650
1!
#4418572650
0!
#4419572650
1!
#4420572675
0!
#4421572650
1!
#4422572650
0!
#4423572650
1!
#4424572650
0!
#4425572650
1!
#4426572650
0!
#4427572650
1!
#4428572650
0!
#4429572650
1!
#4430572650
0!
#4431572650
1!
#4432572650
0!
#4433572650
1!
#4434572650
0!
#4435572650
1!
#4436572650
0!
#4437572650
1!
#4438572650
0!
#4439572650
1!
#4440572650
0!
#4441572650
1!
#4442572650
0!
#4443572650
1!
#4444572650
0!
#4445572650
1!
#4446572650
0!
#4447572650
1!
#4448572650
0!
#4449572650
1!
#4450572650
0!
#4451572650
1!
#4452572650
0!
#4453572650
1!
#4454572650
0!
#4455572650
1!
#4456572650
0!
#4457572650
1!
#4458572650
0!
#4459572650
1!
#4460572650
0!
#4461572650
1!
#4462572650
0!
#4463572650
1!
#4464572650
0!
#4465572650
1!
#4466572650
0!
#4467572650
1!
#4468572650
0!
#4469572650
1!
#4470572650
0!
#4471572650
1!
#4472572650
0!
#4473572650
1!
#4474572650
0!
#4475572650
1!
#4476572650
0!
#4477572650
1!
#4478572650
0!
#4479572650
1!
#4480572650
0!
#4481572675
1!
#4482572650
0!
#4483572650
1!
#4484572650
0!
#4485572650
1!
#4486572650
0!
#4487572650
1!
#4488572650
0!
#4489572675
1!
#4490572650
0!
#4491572650
1!
#4492572650
0!
#4493572650
1!
#4494572650
0!
#4495572650
1!
#4496572650
0!
#4497572675
1!
#4498572650
0!
#4499572650
1!
#4500572650
0!
#4501572650
1!
#4502572650
0!
#4503572650
1!
#4504572650
0!
#4505572675
1!
#4506572650
0!
#4507572650
1!
#4508572650
0!
#4509572650
1!
#4510572650
0!
#4511572650
1!
#4512572650
0!
#4513572675
1!
#4514572650
0!
#4515572650
1!
#4516572650
0!
#4517572650
1!
#4518572650
0!
#4519572650
1!
#4520572650
0!
#4521572675
1!
#4522572650
0!
#4523572650
1!
#4524572650
0!
#4525572650
1!
#4526572650
0!
#4527572650
1!
#4528572650
0!
#4529572675
1!
#4530572650
0!
#4531572650
1!
#4532572650
0!
#4533572650
1!
#4534572650
0!
#4535572650
1!
#4536572650
0!
#4537572675
1!
#4538572650
0!
#4539572650
1!
#4540572650
0!
#4541572650
1!
#4542572650
0!
#4543572650
1!
#4544572650
0!
#4545572675
1!
#4546572650
0!
#4547572650
1!
#4548572650
0!
#4549572650
1!
#4550572650
0!
#4551572650
1!
#4552572650
0!
#4553572675
1!
#4554572650
0!
#4555572650
1!
#4556572650
0!
#4557572650
1!
#4558572650
0!
#4559572650
1!
#4560572650
0!
#4561572650
1!
#4562572650
0!
#4563572650
1!
#4564572650
0!
#4565572650
1!
#4566572650
0!
#4567572650
1!
#4568572650
0!
#4569572650
1!
#4570572650
0!
#4571572650
1!
#4572572650
0!
#4573572650
1!
#4574572650
0!
#4575572650
1!
#4576572650
0!
#4577572650
1!
#4578572650
0!
#4579572650
1!
#4580572650
0!
#4581572650
1!
#4582572650
0!
#4583572650
1!
#4584572650
0!
#4585572650
1!
#4586572650
0!
#4587572650
1!
#4588572650
0!
#4589572650
1!
#4590572650
0!
#4591572650
1!
#4592572650
0!
#4593572650
1!
#4594572650
0!
#4595572650
1!
#4596572650
0!
#4597572650
1!
#4598572650
0!
#4599572650
1!
#4600572650
0!
#4601572650
1!
#4602572650
0!
#4603572650
1!
#4604572650
0!
#4605572650
1!
#4606572675
0!
#4607572650
1!
#4608572650
0!
#4609572650
1!
#4610572650
0!
#4611572650
1!
#4612572650
0!
#4613572650
1!
#4614572675
0!
#4615572650
1!
#4616572650
0!
#4617572650
1!
#4618572650
0!
#4619572650
1!
#4620572650
0!
#4621572650
1!
#4622572675
0!
#4623572650
1!
#4624572650
0!
#4625572650
1!
#4626572650
0!
#4627572650
1!
#4628572650
0!
#4629572650
1!
#4630572675
0!
#4631572650
1!
#4632572650
0!
#4633572650
1!
#4634572650
0!
#4635572650
1!
#4636572650
0!
#4637572650
1!
#4638572675
0!
#4639572650
1!
#4640572650
0!
#4641572650
1!
#4642572650
0!
#4643572650
1!
#4644572650
0!
#4645572650
1!
#4646572675
0!
#4647572650
1!
#4648572650
0!
#4649572650
1!
#4650572650
0!
#4651572650
1!
#4652572650
0!
#4653572650
1!
#4654572675
0!
#4655572650
1!
#4656572650
0!
#4657572650
1!
#4658572650
0!
#4659572650
1!
#4660572650
0!
#4661572650
1!
#4662572675
0!
#4663572650
1!
#4664572650
0!
#4665572650
1!
#4666572650
0!
#4667572650
1!
#4668572650
0!
#4669572650
1!
#4670572675
0!
#4671572650
1!
#4672572650
0!
#4673572650
1!
#4674572650
0!
#4675572650
1!
#4676572650
0!
#4677572650
1!
#4678572675
0!
#4679572650
1!
#4680572650
0!
#4681572650
1!
#4682572650
0!
#4683572650
1!
#4684572650
0!
#4685572650
1!
#4686572650
0!
#4687572650
1!
#4688572650
0!
#4689572650
1!
#4690572650
0!
#4691572650
1!
#4692572650
0!
#4693572650
1!
#4694572650
0!
#4695572650
1!
#4696572650
0!
#4697572650
1!
#4698572650
0!
#4699572650
1!
#4700572650
0!
#4701572650
1!
#4702572650
0!
#4703572650
1!
#4704572650
0!
#4705572650
1!
#4706572650
0!
#4707572650
1!
#4708572650
0!
#4709572650
1!
#4710572650
0!
#4711572650
1!
#4712572650
0!
#4713572650
1!
#4714572650
0!
#4715572650
1!
#4716572650
0!
#4717572650
1!
#4718572650
0!
#4719572650
1!
#4720572650
0!
#4721572650
1!
#4722572650
0!
#4723572650
1!
#4724572650
0!
#4725572650
1!
#4726572650
0!
#4727572650
1!
#4728572650
0!
#4729572650
1!
#4730572650
0!
#4731572675
1!
#4732572650
0!
#4733572650
1!
#4734572650
0!
#4735572650
1!
#4736572650
0!
#4737572650
1!
#4738572650
0!
#4739572675
1!
#4740572650
0!
#4741572650
1!
#4742572650
0!
#4743572650
1!
#4744572650
0!
#4745572650
1!
#4746572650
0!
#4747572675
1!
#4748572650
0!
#4749572650
1!
#4750572650
0!
#4751572650
1!
#4752572650
0!
#4753572650
1!
#4754572650
0!
#4755572675
1!
#4756572650
0!
#4757572650
1!
#4758572650
0!
#4759572650
1!
#4760572650
0!
#4761572650
1!
#4762572650
0!
#4763572675
1!
#4764572650
0!
#4765572650
1!
#4766572650
0!
#4767572650
1!
#4768572650
0!
#4769572650
1!
#4770572650
0!
#4771572675
1!
#4772572650
0!
#4773572650
1!
#4774572650
0!
#4775572650
1!
#4776572650
0!
#4777572650
1!
#4778572650
0!
#4779572675
1!
#4780572650
0!
#4781572650
1!
#4782572650
0!
#4783572650
1!
#4784572650
0!
#4785572650
1!
#4786572650
0!
#4787572675
1!
#4788572650
0!
#4789572650
1!
#4790572650
0!
#4791572650
1!
#4792572650
0!
#4793572650
1!
#4794572650
0!
#4795572675
1!
#4796572650
0!
#4797572650
1!
#4798572650
0!
#4799572650
1!
#4800572650
0!
#4801572650
1!
#4802572650
0!
#4803572675
1!
#4804572650
0!
#4805572650
1!
#4806572650
0!
#4807572650
1!
#4808572650
0!
#4809572650
1!
#4810572650
0!
#4811572650
1!
#4812572650
0!
#4813572650
1!
#4814572650
0!
#4815572650
1!
#4816572650
0!
#4817572650
1!
#4818572650
0!
#4819572650
1!
#4820572650
0!
#4821572650
1!
#4822572650
0!
#4823572650
1!
#4824572650
0!
#4825572650
1!
#4826572650
0!
#4827572650
1!
#4828572650
0!
#4829572650
1!
#4830572650
0!
#4831572650
1!
#4832572650
0!
#4833572650
1!
#4834572650
0!
#4835572650
1!
#4836572650
0!
#4837572650
1!
#4838572650
0!
#4839572650
1!
#4840572650
0!
#4841572650
1!
#4842572650
0!
#4843572650
1!
#4844572650
0!
#4845572650
1!
#4846572650
0!
#4847572650
1!
#4848572650
0!
#4849572650
1!
#4850572650
0!
#4851572650
1!
#4852572650
0!
#4853572650
1!
#4854572650
0!
#4855572650
1!
#4856572675
0!
#4857572650
1!
#4858572650
0!
#4859572650
1!
#4860572650
0!
#4861572650
1!
#4862572650
0!
#4863572650
1!
#4864572675
0!
#4865572650
1!
#4866572650
0!
#4867572650
1!
#4868572650
0!
#4869572650
1!
#4870572650
0!
#4871572650
1!
#4872572675
0!
#4873572650
1!
#4874572650
0!
#4875572650
1!
#4876572650
0!
#4877572650
1!
#4878572650
0!
#4879572650
1!
#4880572675
0!
#4881572650
1!
#4882572650
0!
#4883572650
1!
#4884572650
0!
#4885572650
1!
#4886572650
0!
#4887572650
1!
#4888572675
0!
#4889572650
1!
#4890572650
0!
#4891572650
1!
#4892572650
0!
#4893572650
1!
#4894572650
0!
#4895572650
1!
#4896572675
0!
#4897572650
1!
#4898572650
0!
#4899572650
1!
#4900572650
0!
#4901572650
1!
#4902572650
0!
#4903572650
1!
#4904572675
0!
#4905572650
1!
#4906572650
0!
#4907572650
1!
#4908572650
0!
#4909572650
1!
#4910572650
0!
#4911572650
1!
#4912572675
0!
#4913572650
1!
#4914572650
0!
#4915572650
1!
#4916572650
0!
#4917572650
1!
#4918572650
0!
#4919572650
1!
#4920572675
0!
#4921572650
1!
#4922572650
0!
#4923572650
1!
#4924572650
0!
#4925572650
1!
#4926572650
0!
#4927572650
1!
#4928572675
0!
#4929572650
1!
#4930572650
0!
#4931572650
1!
#4932572650
0!
#4933572650
1!
#4934572650
0!
#4935572650
1!
#4936572650
0!
#4937572650
1!
#4938572650
0!
#4939572650
1!
#4940572650
0!
#4941572650
1!
#4942572650
0!
#4943572650
1!
#4944572650
0!
#4945572650
1!
#4946572650
0!
#4947572650
1!
#4948572650
0!
#4949572650
1!
#4950572650
0!
#4951572650
1!
#4952572650
0!
#4953572650
1!
#4954572650
0!
#4955572650
1!
#4956572650
0!
#4957572650
1!
#4958572650
0!
#4959572650
1!
#4960572650
0!
#4961572650
1!
#4962572650
0!
#4963572650
1!
#4964572650
0!
#4965572650
1!
#4966572650
0!
#4967572650
1!
#4968572650
0!
#4969572650
1!
#4970572650
0!
#4971572650
1!
#4972572650
0!
#4973572650
1!
#4974572650
0!
#4975572650
1!
#4976572650
0!
#4977572650
1!
#4978572650
0!
#4979572650
1!
#4980572650
0!
#4981572675
1!
#4982572650
0!
#4983572650
1!
#4984572650
0!
#4985572650
1!
#4986572650
0!
#4987572650
1!
#4988572650
0!
#4989572675
1!
#4990572650
0!
#4991572650
1!
#4992572650
0!
#4993572650
1!
#4994572650
0!
#4995572650
1!
#4996572650
0!
#4997572675
1!
#4998572650
0!
#4999572650
1!
#5000572650
0!
#5001572650
1!
#5002572650
0!
#5003572650
1!
#5004572650
0!
#5005572675
1!
#5006572650
0!
#5007572650
1!
#5008572650
0!
#5009572650
1!
#5010572650
0!
#5011572650
1!
#5012572650
0!
#5013572675
1!
#5014572650
0!
#5015572650
1!
#5016572650
0!
#5017572650
1!
#5018572650
0!
#5019572650
1!
#5020572650
0!
#5021572675
1!
#5022572650
0!
#5023572650
1!
#5024572650
0!
#5025572650
1!
#5026572650
0!
#5027572650
1!
#5028572650
0!
#5029572675
1!
#5030572650
0!
#5031572650
1!
#5032572650
0!
#5033572650
1!
#5034572650
0!
#5035572650
1!
#5036572650
0!
#5037572675
1!
#5038572650
0!
#5039572650
1!
#5040572650
0!
#5041572650
1!
#5042572650
0!
#5043572650
1!
#5044572650
0!
#5045572675
1!
#5046572650
0!
#5047572650
1!
#5048572650
0!
#5049572650
1!
#5050572650
0!
#5051572650
1!
#5052572650
0!
#5053572675
1!
#5054572650
0!
#5055572650
1!
#5056572650
0!
#5057572650
1!
#5058572650
0!
#5059572650
1!
#5060572650
0!
#5061572650
1!
#5062572650
0!
#5063572650
1!
#5064572650
0!
#5065572650
1!
#5066572650
0!
#5067572650
1!
#5068572650
0!
#5069572650
1!
#5070572650
0!
#5071572650
1!
#5072572650
0!
#5073572650
1!
#5074572650
0!
#5075572650
1!
#5076572650
0!
#5077572650
1!
#5078572650
0!
#5079572650
1!
#5080572650
0!
#5081572650
1!
#5082572650
0!
#5083572650
1!
#5084572650
0!
#5085572650
1!
#5086572650
0!
#5087572650
1!
#5088572650
0!
#5089572650
1!
#5090572650
0!
#5091572650
1!
#5092572650
0!
#5093572650
1!
#5094572650
0!
#5095572650
1!
#5096572650
0!
#5097572650
1!
#5098572650
0!
#5099572650
1!
#5100572650
0!
#5101572650
1!
#5102572650
0!
#5103572650
1!
#5104572650
0!
#5105572650
1!
#5106572675
0!
#5107572650
1!
#5108572650
0!
#5109572650
1!
#5110572650
0!
#5111572650
1!
#5112572650
0!
#5113572650
1!
#5114572675
0!
#5115572650
1!
#5116572650
0!
#5117572650
1!
#5118572650
0!
#5119572650
1!
#5120572650
0!
#5121572650
1!
#5122572675
0!
#5123572650
1!
#5124572650
0!
#5125572650
1!
#5126572650
0!
#5127572650
1!
#5128572650
0!
#5129572650
1!
#5130572675
0!
#5131572650
1!
#5132572650
0!
#5133572650
1!
#5134572650
0!
#5135572650
1!
#5136572650
0!
#5137572650
1!
#5138572675
0!
#5139572650
1!
#5140572650
0!
#5141572650
1!
#5142572650
0!
#5143572650
1!
#5144572650
0!
#5145572650
1!
#5146572675
0!
#5147572650
1!
#5148572650
0!
#5149572650
1!
#5150572650
0!
#5151572650
1!
#5152572650
0!
#5153572650
1!
#5154572675
0!
#5155572650
1!
#5156572650
0!
#5157572650
1!
#5158572650
0!
#5159572650
1!
#5160572650
0!
#5161572650
1!
#5162572675
0!
#5163572650
1!
#5164572650
0!
#5165572650
1!
#5166572650
0!
#5167572650
1!
#5168572650
0!
#5169572650
1!
#5170572675
0!
#5171572650
1!
#5172572650
0!
#5173572650
1!
#5174572650
0!
#5175572650
1!
#5176572650
0!
#5177572650
1!
#5178572675
0!
#5179572650
1!
#5180572650
0!
#5181572650
1!
#5182572650
0!
#5183572650
1!
#5184572650
0!
#5185572650
1!
#5186572650
0!
#5187572650
1!
#5188572650
0!
#5189572650
1!
#5190572650
0!
#5191572650
1!
#5192572650
0!
#5193572650
1!
#5194572650
0!
#5195572650
1!
#5196572650
0!
#5197572650
1!
#5198572650
0!
#5199572650
1!
#5200572650
0!
#5201572650
1!
#5202572650
0!
#5203572650
1!
#5204572650
0!
#5205572650
1!
#5206572650
0!
#5207572650
1!
#5208572650
0!
#5209572650
1!
#5210572650
0!
#5211572650
1!
#5212572650
0!
#5213572650
1!
#5214572650
0!
#5215572650
1!
#5216572650
0!
#5217572650
1!
#5218572650
0!
#5219572650
1!
#5220572650
0!
#5221572650
1!
#5222572650
0!
#5223572650
1!
#5224572650
0!
#5225572650
1!
#5226572650
0!
#5227572650
1!
#5228572650
0!
#5229572650
1!
#5230572650
0!
#5231572675
1!
#5232572650
0!
#5233572650
1!
#5234572650
0!
#5235572650
1!
#5236572650
0!
#5237572650
1!
#5238572650
0!
#5239572675
1!
#5240572650
0!
#5241572650
1!
#5242572650
0!
#5243572650
1!
#5244572650
0!
#5245572650
1!
#5246572650
0!
#5247572675
1!
#5248572650
0!
#5249572650
1!
#5250572650
0!
#5251572650
1!
#5252572650
0!
#5253572650
1!
#5254572650
0!
#5255572675
1!
#5256572650
0!
#5257572650
1!
#5258572650
0!
#5259572650
1!
#5260572650
0!
#5261572650
1!
#5262572650
0!
#5263572675
1!
#5264572650
0!
#5265572650
1!
#5266572650
0!
#5267572650
1!
#5268572650
0!
#5269572650
1!
#5270572650
0!
#5271572675
1!
#5272572650
0!
#5273572650
1!
#5274572650
0!
#5275572650
1!
#5276572650
0!
#5277572650
1!
#5278572650
0!
#5279572675
1!
#5280572650
0!
#5281572650
1!
#5282572650
0!
#5283572650
1!
#5284572650
0!
#5285572650
1!
#5286572650
0!
#5287572675
1!
#5288572650
0!
#5289572650
1!
#5290572650
0!
#5291572650
1!
#5292572650
0!
#5293572650
1!
#5294572650
0!
#5295572675
1!
#5296572650
0!
#5297572650
1!
#5298572650
0!
#5299572650
1!
#5300572650
0!
#5301572650
1!
#5302572650
0!
#5303572675
1!
#5304572650
0!
#5305572650
1!
#5306572650
0!
#5307572650
1!
#5308572650
0!
#5309572650
1!
#5310572650
0!
#5311572650
1!
#5312572650
0!
#5313572650
1!
#5314572650
0!
#5315572650
1!
#5316572650
0!
#5317572650
1!
#5318572650
0!
#5319572650
1!
#5320572650
0!
#5321572650
1!
#5322572650
0!
#5323572650
1!
#5324572650
0!
#5325572650
1!
#5326572650
0!
#5327572650
1!
#5328572650
0!
#5329572650
1!
#5330572650
0!
#5331572650
1!
#5332572650
0!
#5333572650
1!
#5334572650
0!
#5335572650
1!
#5336572650
0!
#5337572650
1!
#5338572650
0!
#5339572650
1!
#5340572650
0!
#5341572650
1!
#5342572650
0!
#5343572650
1!
#5344572650
0!
#5345572650
1!
#5346572650
0!
#5347572650
1!
#5348572650
0!
#5349572650
1!
#5350572650
0!
#5351572650
1!
#5352572650
0!
#5353572650
1!
#5354572650
0!
#5355572650
1!
#5356572650
0!
#5357572650
1!
#5358572650
0!
#5359572650
1!
#5360572650
0!
#5361572650
1!
#5362572650
0!
#5363572650
1!
#5364572675
0!
#5365572650
1!
#5366572650
0!
#5367572650
1!
#5368572650
0!
#5369572650
1!
#5370572650
0!
#5371572650
1!
#5372572650
0!
#5373572650
1!
#5374572650
0!
#5375572650
1!
#5376572650
0!
#5377572650
1!
#5378572650
0!
#5379572650
1!
#5380572675
0!
#5381572650
1!
#5382572650
0!
#5383572650
1!
#5384572650
0!
#5385572650
1!
#5386572650
0!
#5387572650
1!
#5388572650
0!
#5389572650
1!
#5390572650
0!
#5391572650
1!
#5392572650
0!
#5393572650
1!
#5394572650
0!
#5395572650
1!
#5396572675
0!
#5397572650
1!
#5398572650
0!
#5399572650
1!
#5400572650
0!
#5401572650
1!
#5402572650
0!
#5403572650
1!
#5404572650
0!
#5405572650
1!
#5406572650
0!
#5407572650
1!
#5408572650
0!
#5409572650
1!
#5410572650
0!
#5411572650
1!
#5412572675
0!
#5413572650
1!
#5414572650
0!
#5415572650
1!
#5416572650
0!
#5417572650
1!
#5418572650
0!
#5419572650
1!
#5420572650
0!
#5421572650
1!
#5422572650
0!
#5423572650
1!
#5424572650
0!
#5425572650
1!
#5426572650
0!
#5427572650
1!
#5428572675
0!
#5429572650
1!
#5430572650
0!
#5431572650
1!
#5432572650
0!
#5433572650
1!
#5434572650
0!
#5435572650
1!
#5436572650
0!
#5437572650
1!
#5438572650
0!
#5439572650
1!
#5440572650
0!
#5441572650
1!
#5442572650
0!
#5443572650
1!
#5444572650
0!
#5445572650
1!
#5446572650
0!
#5447572650
1!
#5448572650
0!
#5449572650
1!
#5450572650
0!
#5451572650
1!
#5452572650
0!
#5453572650
1!
#5454572650
0!
#5455572650
1!
#5456572650
0!
#5457572650
1!
#5458572650
0!
#5459572650
1!
#5460572650
0!
#5461572650
1!
#5462572650
0!
#5463572650
1!
#5464572650
0!
#5465572650
1!
#5466572650
0!
#5467572650
1!
#5468572650
0!
#5469572650
1!
#5470572650
0!
#5471572650
1!
#5472572650
0!
#5473572650
1!
#5474572650
0!
#5475572650
1!
#5476572650
0!
#5477572650
1!
#5478572650
0!
#5479572650
1!
#5480572650
0!
#5481572675
1!
#5482572650
0!
#5483572650
1!
#5484572650
0!
#5485572650
1!
#5486572650
0!
#5487572650
1!
#5488572650
0!
#5489572675
1!
#5490572650
0!
#5491572650
1!
#5492572650
0!
#5493572650
1!
#5494572650
0!
#5495572650
1!
#5496572650
0!
#5497572675
1!
#5498572650
0!
#5499572650
1!
#5500572650
0!
#5501572650
1!
#5502572650
0!
#5503572650
1!
#5504572650
0!
#5505572675
1!
#5506572650
0!
#5507572650
1!
#5508572650
0!
#5509572650
1!
#5510572650
0!
#5511572650
1!
#5512572650
0!
#5513572675
1!
#5514572650
0!
#5515572650
1!
#5516572650
0!
#5517572650
1!
#5518572650
0!
#5519572650
1!
#5520572650
0!
#5521572675
1!
#5522572650
0!
#5523572650
1!
#5524572650
0!
#5525572650
1!
#5526572650
0!
#5527572650
1!
#5528572650
0!
#5529572675
1!
#5530572650
0!
#5531572650
1!
#5532572650
0!
#5533572650
1!
#5534572650
0!
#5535572650
1!
#5536572650
0!
#5537572675
1!
#5538572650
0!
#5539572650
1!
#5540572650
0!
#5541572650
1!
#5542572650
0!
#5543572650
1!
#5544572650
0!
#5545572675
1!
#5546572650
0!
#5547572650
1!
#5548572650
0!
#5549572650
1!
#5550572650
0!
#5551572650
1!
#5552572650
0!
#5553572675
1!
#5554572650
0!
#5555572650
1!
#5556572650
0!
#5557572650
1!
#5558572650
0!
#5559572650
1!
#5560572650
0!
#5561572650
1!
#5562572650
0!
#5563572650
1!
#5564572650
0!
#5565572650
1!
#5566572650
0!
#5567572650
1!
#5568572650
0!
#5569572650
1!
#5570572650
0!
#5571572650
1!
#5572572650
0!
#5573572650
1!
#5574572650
0!
#5575572650
1!
#5576572650
0!
#5577572650
1!
#5578572650
0!
#5579572650
1!
#5580572650
0!
#5581572650
1!
#5582572650
0!
#5583572650
1!
#5584572650
0!
#5585572650
1!
#5586572650
0!
#5587572650
1!
#5588572650
0!
#5589572650
1!
#5590572650
0!
#5591572650
1!
#5592572650
0!
#5593572650
1!
#5594572650
0!
#5595572650
1!
#5596572650
0!
#5597572650
1!
#5598572650
0!
#5599572650
1!
#5600572650
0!
#5601572650
1!
#5602572650
0!
#5603572650
1!
#5604572650
0!
#5605572650
1!
#5606572675
0!
#5607572650
1!
#5608572650
0!
#5609572650
1!
#5610572650
0!
#5611572650
1!
#5612572650
0!
#5613572650
1!
#5614572675
0!
#5615572650
1!
#5616572650
0!
#5617572650
1!
#5618572650
0!
#5619572650
1!
#5620572650
0!
#5621572650
1!
#5622572675
0!
#5623572650
1!
#5624572650
0!
#5625572650
1!
#5626572650
0!
#5627572650
1!
#5628572650
0!
#5629572650
1!
#5630572675
0!
#5631572650
1!
#5632572650
0!
#5633572650
1!
#5634572650
0!
#5635572650
1!
#5636572650
0!
#5637572650
1!
#5638572675
0!
#5639572650
1!
#5640572650
0!
#5641572650
1!
#5642572650
0!
#5643572650
1!
#5644572650
0!
#5645572650
1!
#5646572675
0!
#5647572650
1!
#5648572650
0!
#5649572650
1!
#5650572650
0!
#5651572650
1!
#5652572650
0!
#5653572650
1!
#5654572675
0!
#5655572650
1!
#5656572650
0!
#5657572650
1!
#5658572650
0!
#5659572650
1!
#5660572650
0!
#5661572650
1!
#5662572675
0!
#5663572650
1!
#5664572650
0!
#5665572650
1!
#5666572650
0!
#5667572650
1!
#5668572650
0!
#5669572650
1!
#5670572675
0!
#5671572650
1!
#5672572650
0!
#5673572650
1!
#5674572650
0!
#5675572650
1!
#5676572650
0!
#5677572650
1!
#5678572675
0!
#5679572650
1!
#5680572650
0!
#5681572650
1!
#5682572650
0!
#5683572650
1!
#5684572650
0!
#5685572650
1!
#5686572650
0!
#5687572650
1!
#5688572650
0!
#5689572650
1!
#5690572650
0!
#5691572650
1!
#5692572650
0!
#5693572650
1!
#5694572650
0!
#5695572650
1!
#5696572650
0!
#5697572650
1!
#5698572650
0!
#5699572650
1!
#5700572650
0!
#5701572650
1!
#5702572650
0!
#5703572650
1!
#5704572650
0!
#5705572650
1!
#5706572650
0!
#5707572650
1!
#5708572650
0!
#5709572650
1!
#5710572650
0!
#5711572650
1!
#5712572650
0!
#5713572650
1!
#5714572650
0!
#5715572650
1!
#5716572650
0!
#5717572650
1!
#5718572650
0!
#5719572650
1!
#5720572650
0!
#5721572650
1!
#5722572650
0!
#5723572650
1!
#5724572650
0!
#5725572650
1!
#5726572650
0!
#5727572650
1!
#5728572650
0!
#5729572650
1!
#5730572650
0!
#5731572675
1!
#5732572650
0!
#5733572650
1!
#5734572650
0!
#5735572650
1!
#5736572650
0!
#5737572650
1!
#5738572650
0!
#5739572675
1!
#5740572650
0!
#5741572650
1!
#5742572650
0!
#5743572650
1!
#5744572650
0!
#5745572650
1!
#5746572650
0!
#5747572675
1!
#5748572650
0!
#5749572650
1!
#5750572650
0!
#5751572650
1!
#5752572650
0!
#5753572650
1!
#5754572650
0!
#5755572675
1!
#5756572650
0!
#5757572650
1!
#5758572650
0!
#5759572650
1!
#5760572650
0!
#5761572650
1!
#5762572650
0!
#5763572675
1!
#5764572650
0!
#5765572650
1!
#5766572650
0!
#5767572650
1!
#5768572650
0!
#5769572650
1!
#5770572650
0!
#5771572675
1!
#5772572650
0!
#5773572650
1!
#5774572650
0!
#5775572650
1!
#5776572650
0!
#5777572650
1!
#5778572650
0!
#5779572675
1!
#5780572650
0!
#5781572650
1!
#5782572650
0!
#5783572650
1!
#5784572650
0!
#5785572650
1!
#5786572650
0!
#5787572675
1!
#5788572650
0!
#5789572650
1!
#5790572650
0!
#5791572650
1!
#5792572650
0!
#5793572650
1!
#5794572650
0!
#5795572675
1!
#5796572650
0!
#5797572650
1!
#5798572650
0!
#5799572650
1!
#5800572650
0!
#5801572650
1!
#5802572650
0!
#5803572675
1!
#5804572650
0!
#5805572650
1!
#5806572650
0!
#5807572650
1!
#5808572650
0!
#5809572650
1!
#5810572650
0!
#5811572650
1!
#5812572650
0!
#5813572650
1!
#5814572650
0!
#5815572650
1!
#5816572650
0!
#5817572650
1!
#5818572650
0!
#5819572650
1!
#5820572650
0!
#5821572650
1!
#5822572650
0!
#5823572650
1!
#5824572650
0!
#5825572650
1!
#5826572650
0!
#5827572650
1!
#5828572650
0!
#5829572650
1!
#5830572650
0!
#5831572650
1!
#5832572650
0!
#5833572650
1!
#5834572650
0!
#5835572650
1!
#5836572650
0!
#5837572650
1!
#5838572650
0!
#5839572650
1!
#5840572650
0!
#5841572650
1!
#5842572650
0!
#5843572650
1!
#5844572650
0!
#5845572650
1!
#5846572650
0!
#5847572650
1!
#5848572650
0!
#5849572650
1!
#5850572650
0!
#5851572650
1!
#5852572650
0!
#5853572650
1!
#5854572650
0!
#5855572650
1!
#5856572675
0!
#5857572650
1!
#5858572650
0!
#5859572650
1!
#5860572650
0!
#5861572650
1!
#5862572650
0!
#5863572650
1!
#5864572675
0!
#5865572650
1!
#5866572650
0!
#5867572650
1!
#5868572650
0!
#5869572650
1!
#5870572650
0!
#5871572650
1!
#5872572675
0!
#5873572650
1!
#5874572650
0!
#5875572650
1!
#5876572650
0!
#5877572650
1!
#5878572650
0!
#5879572650
1!
#5880572675
0!
#5881572650
1!
#5882572650
0!
#5883572650
1!
#5884572650
0!
#5885572650
1!
#5886572650
0!
#5887572650
1!
#5888572675
0!
#5889572650
1!
#5890572650
0!
#5891572650
1!
#5892572650
0!
#5893572650
1!
#5894572650
0!
#5895572650
1!
#5896572675
0!
#5897572650
1!
#5898572650
0!
#5899572650
1!
#5900572650
0!
#5901572650
1!
#5902572650
0!
#5903572650
1!
#5904572675
0!
#5905572650
1!
#5906572650
0!
#5907572650
1!
#5908572650
0!
#5909572650
1!
#5910572650
0!
#5911572650
1!
#5912572675
0!
#5913572650
1!
#5914572650
0!
#5915572650
1!
#5916572650
0!
#5917572650
1!
#5918572650
0!
#5919572650
1!
#5920572675
0!
#5921572650
1!
#5922572650
0!
#5923572650
1!
#5924572650
0!
#5925572650
1!
#5926572650
0!
#5927572650
1!
#5928572675
0!
#5929572650
1!
#5930572650
0!
#5931572650
1!
#5932572650
0!
#5933572650
1!
#5934572650
0!
#5935572650
1!
#5936572650
0!
#5937572650
1!
#5938572650
0!
#5939572650
1!
#5940572650
0!
#5941572650
1!
#5942572650
0!
#5943572650
1!
#5944572650
0!
#5945572650
1!
#5946572650
0!
#5947572650
1!
#5948572650
0!
#5949572650
1!
#5950572650
0!
#5951572650
1!
#5952572650
0!
#5953572650
1!
#5954572650
0!
#5955572650
1!
#5956572650
0!
#5957572650
1!
#5958572650
0!
#5959572650
1!
#5960572650
0!
#5961572650
1!
#5962572650
0!
#5963572650
1!
#5964572650
0!
#5965572650
1!
#5966572650
0!
#5967572650
1!
#5968572650
0!
#5969572650
1!
#5970572650
0!
#5971572650
1!
#5972572650
0!
#5973572650
1!
#5974572650
0!
#5975572650
1!
#5976572650
0!
#5977572650
1!
#5978572650
0!
#5979572650
1!
#5980572650
0!
#5981572675
1!
#5982572650
0!
#5983572650
1!
#5984572650
0!
#5985572650
1!
#5986572650
0!
#5987572650
1!
#5988572650
0!
#5989572675
1!
#5990572650
0!
#5991572650
1!
#5992572650
0!
#5993572650
1!
#5994572650
0!
#5995572650
1!
#5996572650
0!
#5997572675
1!
#5998572650
0!
#5999572650
1!
#6000572650
0!
#6001572650
1!
#6002572650
0!
#6003572650
1!
#6004572650
0!
#6005572675
1!
#6006572650
0!
#6007572650
1!
#6008572650
0!
#6009572650
1!
#6010572650
0!
#6011572650
1!
#6012572650
0!
#6013572675
1!
#6014572650
0!
#6015572650
1!
#6016572650
0!
#6017572650
1!
#6018572650
0!
#6019572650
1!
#6020572650
0!
#6021572675
1!
#6022572650
0!
#6023572650
1!
#6024572650
0!
#6025572650
1!
#6026572650
0!
#6027572650
1!
#6028572650
0!
#6029572675
1!
#6030572650
0!
#6031572650
1!
#6032572650
0!
#6033572650
1!
#6034572650
0!
#6035572650
1!
#6036572650
0!
#6037572675
1!
#6038572650
0!
#6039572650
1!
#6040572650
0!
#6041572650
1!
#6042572650
0!
#6043572650
1!
#6044572650
0!
#6045572675
1!
#6046572650
0!
#6047572650
1!
#6048572650
0!
#6049572650
1!
#6050572650
0!
#6051572650
1!
#6052572650
0!
#6053572675
1!
#6054572650
0!
#6055572650
1!
#6056572650
0!
#6057572650
1!
#6058572650
0!
#6059572650
1!
#6060572650
0!
#6061572650
1!
#6062572650
0!
#6063572650
1!
#6064572650
0!
#6065572650
1!
#6066572650
0!
#6067572650
1!
#6068572650
0!
#6069572650
1!
#6070572650
0!
#6071572650
1!
#6072572650
0!
#6073572650
1!
#6074572650
0!
#6075572650
1!
#6076572650
0!
#6077572650
1!
#6078572650
0!
#6079572650
1!
#6080572650
0!
#6081572650
1!
#6082572650
0!
#6083572650
1!
#6084572650
0!
#6085572650
1!
#6086572650
0!
#6087572650
1!
#6088572650
0!
#6089572650
1!
#6090572650
0!
#6091572650
1!
#6092572650
0!
#6093572650
1!
#6094572650
0!
#6095572650
1!
#6096572650
0!
#6097572650
1!
#6098572650
0!
#6099572650
1!
#6100572650
0!
#6101572650
1!
#6102572650
0!
#6103572650
1!
#6104572650
0!
#6105572650
1!
#6106572675
0!
#6107572650
1!
#6108572650
0!
#6109572650
1!
#6110572650
0!
#6111572650
1!
#6112572650
0!
#6113572650
1!
#6114572675
0!
#6115572650
1!
#6116572650
0!
#6117572650
1!
#6118572650
0!
#6119572650
1!
#6120572650
0!
#6121572650
1!
#6122572650
0!
#6123572650
1!
#6124572650
0!
#6125572650
1!
#6126572650
0!
#6127572650
1!
#6128572650
0!
#6129572650
1!
#6130572650
0!
#6131572650
1!
#6132572650
0!
#6133572650
1!
#6134572650
0!
#6135572650
1!
#6136572650
0!
#6137572650
1!
#6138572675
0!
#6139572650
1!
#6140572650
0!
#6141572650
1!
#6142572650
0!
#6143572650
1!
#6144572650
0!
#6145572650
1!
#6146572675
0!
#6147572650
1!
#6148572650
0!
#6149572650
1!
#6150572650
0!
#6151572650
1!
#6152572650
0!
#6153572650
1!
#6154572675
0!
#6155572650
1!
#6156572650
0!
#6157572650
1!
#6158572650
0!
#6159572650
1!
#6160572650
0!
#6161572650
1!
#6162572675
0!
#6163572650
1!
#6164572650
0!
#6165572650
1!
#6166572650
0!
#6167572650
1!
#6168572650
0!
#6169572650
1!
#6170572675
0!
#6171572650
1!
#6172572650
0!
#6173572650
1!
#6174572650
0!
#6175572650
1!
#6176572650
0!
#6177572650
1!
#6178572675
0!
#6179572650
1!
#6180572650
0!
#6181572650
1!
#6182572650
0!
#6183572650
1!
#6184572650
0!
#6185572650
1!
#6186572650
0!
#6187572650
1!
#6188572650
0!
#6189572650
1!
#6190572650
0!
#6191572650
1!
#6192572650
0!
#6193572650
1!
#6194572650
0!
#6195572650
1!
#6196572650
0!
#6197572650
1!
#6198572650
0!
#6199572650
1!
#6200572650
0!
#6201572650
1!
#6202572650
0!
#6203572650
1!
#6204572650
0!
#6205572650
1!
#6206572650
0!
#6207572650
1!
#6208572650
0!
#6209572650
1!
#6210572650
0!
#6211572650
1!
#6212572650
0!
#6213572650
1!
#6214572650
0!
#6215572650
1!
#6216572650
0!
#6217572650
1!
#6218572650
0!
#6219572650
1!
#6220572650
0!
#6221572650
1!
#6222572650
0!
#6223572650
1!
#6224572650
0!
#6225572650
1!
#6226572650
0!
#6227572650
1!
#6228572650
0!
#6229572650
1!
#6230572650
0!
#6231572675
1!
#6232572650
0!
#6233572650
1!
#6234572650
0!
#6235572650
1!
#6236572650
0!
#6237572650
1!
#6238572650
0!
#6239572675
1!
#6240572650
0!
#6241572650
1!
#6242572650
0!
#6243572650
1!
#6244572650
0!
#6245572650
1!
#6246572650
0!
#6247572675
1!
#6248572650
0!
#6249572650
1!
#6250572650
0!
#6251572650
1!
#6252572650
0!
#6253572650
1!
#6254572650
0!
#6255572675
1!
#6256572650
0!
#6257572650
1!
#6258572650
0!
#6259572650
1!
#6260572650
0!
#6261572650
1!
#6262572650
0!
#6263572675
1!
#6264572650
0!
#6265572650
1!
#6266572650
0!
#6267572650
1!
#6268572650
0!
#6269572650
1!
#6270572650
0!
#6271572675
1!
#6272572650
0!
#6273572650
1!
#6274572650
0!
#6275572650
1!
#6276572650
0!
#6277572650
1!
#6278572650
0!
#6279572675
1!
#6280572650
0!
#6281572650
1!
#6282572650
0!
#6283572650
1!
#6284572650
0!
#6285572650
1!
#6286572650
0!
#6287572675
1!
#6288572650
0!
#6289572650
1!
#6290572650
0!
#6291572650
1!
#6292572650
0!
#6293572650
1!
#6294572650
0!
#6295572675
1!
#6296572650
0!
#6297572650
1!
#6298572650
0!
#6299572650
1!
#6300572650
0!
#6301572650
1!
#6302572650
0!
#6303572675
1!
#6304572650
0!
#6305572650
1!
#6306572650
0!
#6307572650
1!
#6308572650
0!
#6309572650
1!
#6310572650
0!
#6311572650
1!
#6312572650
0!
#6313572650
1!
#6314572650
0!
#6315572650
1!
#6316572650
0!
#6317572650
1!
#6318572650
0!
#6319572650
1!
#6320572650
0!
#6321572650
1!
#6322572650
0!
#6323572650
1!
#6324572650
0!
#6325572650
1!
#6326572650
0!
#6327572650
1!
#6328572650
0!
#6329572650
1!
#6330572650
0!
#6331572650
1!
#6332572650
0!
#6333572650
1!
#6334572650
0!
#6335572650
1!
#6336572650
0!
#6337572650
1!
#6338572650
0!
#6339572650
1!
#6340572650
0!
#6341572650
1!
#6342572650
0!
#6343572650
1!
#6344572650
0!
#6345572650
1!
#6346572650
0!
#6347572650
1!
#6348572650
0!
#6349572650
1!
#6350572650
0!
#6351572650
1!
#6352572650
0!
#6353572650
1!
#6354572650
0!
#6355572650
1!
#6356572675
0!
#6357572650
1!
#6358572650
0!
#6359572650
1!
#6360572650
0!
#6361572650
1!
#6362572650
0!
#6363572650
1!
#6364572650
0!
#6365572650
1!
#6366572650
0!
#6367572650
1!
#6368572650
0!
#6369572650
1!
#6370572650
0!
#6371572650
1!
#6372572675
0!
#6373572650
1!
#6374572650
0!
#6375572650
1!
#6376572650
0!
#6377572650
1!
#6378572650
0!
#6379572650
1!
#6380572650
0!
#6381572650
1!
#6382572650
0!
#6383572650
1!
#6384572650
0!
#6385572650
1!
#6386572650
0!
#6387572650
1!
#6388572675
0!
#6389572650
1!
#6390572650
0!
#6391572650
1!
#6392572650
0!
#6393572650
1!
#6394572650
0!
#6395572650
1!
#6396572650
0!
#6397572650
1!
#6398572650
0!
#6399572650
1!
#6400572650
0!
#6401572650
1!
#6402572650
0!
#6403572650
1!
#6404572675
0!
#6405572650
1!
#6406572650
0!
#6407572650
1!
#6408572650
0!
#6409572650
1!
#6410572650
0!
#6411572650
1!
#6412572650
0!
#6413572650
1!
#6414572650
0!
#6415572650
1!
#6416572650
0!
#6417572650
1!
#6418572650
0!
#6419572650
1!
#6420572675
0!
#6421572650
1!
#6422572650
0!
#6423572650
1!
#6424572650
0!
#6425572650
1!
#6426572650
0!
#6427572650
1!
#6428572650
0!
#6429572650
1!
#6430572650
0!
#6431572650
1!
#6432572650
0!
#6433572650
1!
#6434572650
0!
#6435572650
1!
#6436572650
0!
#6437572650
1!
#6438572650
0!
#6439572650
1!
#6440572650
0!
#6441572650
1!
#6442572650
0!
#6443572650
1!
#6444572650
0!
#6445572650
1!
#6446572650
0!
#6447572650
1!
#6448572650
0!
#6449572650
1!
#6450572650
0!
#6451572650
1!
#6452572650
0!
#6453572650
1!
#6454572650
0!
#6455572650
1!
#6456572650
0!
#6457572650
1!
#6458572650
0!
#6459572650
1!
#6460572650
0!
#6461572650
1!
#6462572650
0!
#6463572650
1!
#6464572650
0!
#6465572650
1!
#6466572650
0!
#6467572650
1!
#6468572650
0!
#6469572650
1!
#6470572650
0!
#6471572650
1!
#6472572650
0!
#6473572650
1!
#6474572650
0!
#6475572650
1!
#6476572650
0!
#6477572650
1!
#6478572650
0!
#6479572650
1!
#6480572650
0!
#6481572675
1!
#6482572650
0!
#6483572650
1!
#6484572650
0!
#6485572650
1!
#6486572650
0!
#6487572650
1!
#6488572650
0!
#6489572675
1!
#6490572650
0!
#6491572650
1!
#6492572650
0!
#6493572650
1!
#6494572650
0!
#6495572650
1!
#6496572650
0!
#6497572675
1!
#6498572650
0!
#6499572650
1!
#6500572650
0!
#6501572650
1!
#6502572650
0!
#6503572650
1!
#6504572650
0!
#6505572675
1!
#6506572650
0!
#6507572650
1!
#6508572650
0!
#6509572650
1!
#6510572650
0!
#6511572650
1!
#6512572650
0!
#6513572675
1!
#6514572650
0!
#6515572650
1!
#6516572650
0!
#6517572650
1!
#6518572650
0!
#6519572650
1!
#6520572650
0!
#6521572675
1!
#6522572650
0!
#6523572650
1!
#6524572650
0!
#6525572650
1!
#6526572650
0!
#6527572650
1!
#6528572650
0!
#6529572675
1!
#6530572650
0!
#6531572650
1!
#6532572650
0!
#6533572650
1!
#6534572650
0!
#6535572650
1!
#6536572650
0!
#6537572675
1!
#6538572650
0!
#6539572650
1!
#6540572650
0!
#6541572650
1!
#6542572650
0!
#6543572650
1!
#6544572650
0!
#6545572675
1!
#6546572650
0!
#6547572650
1!
#6548572650
0!
#6549572650
1!
#6550572650
0!
#6551572650
1!
#6552572650
0!
#6553572675
1!
#6554572650
0!
#6555572650
1!
#6556572650
0!
#6557572650
1!
#6558572650
0!
#6559572650
1!
#6560572650
0!
#6561572650
1!
#6562572650
0!
#6563572650
1!
#6564572650
0!
#6565572650
1!
#6566572650
0!
#6567572650
1!
#6568572650
0!
#6569572650
1!
#6570572650
0!
#6571572650
1!
#6572572650
0!
#6573572650
1!
#6574572650
0!
#6575572650
1!
#6576572650
0!
#6577572650
1!
#6578572650
0!
#6579572650
1!
#6580572650
0!
#6581572650
1!
#6582572650
0!
#6583572650
1!
#6584572650
0!
#6585572650
1!
#6586572650
0!
#6587572650
1!
#6588572650
0!
#6589572650
1!
#6590572650
0!
#6591572650
1!
#6592572650
0!
#6593572650
1!
#6594572650
0!
#6595572650
1!
#6596572650
0!
#6597572650
1!
#6598572650
0!
#6599572650
1!
#6600572650
0!
#6601572650
1!
#6602572650
0!
#6603572650
1!
#6604572650
0!
#6605572650
1!
#6606572675
0!
#6607572650
1!
#6608572650
0!
#6609572650
1!
#6610572650
0!
#6611572650
1!
#6612572650
0!
#6613572650
1!
#6614572675
0!
#6615572650
1!
#6616572650
0!
#6617572650
1!
#6618572650
0!
#6619572650
1!
#6620572650
0!
#6621572650
1!
#6622572675
0!
#6623572650
1!
#6624572650
0!
#6625572650
1!
#6626572650
0!
#6627572650
1!
#6628572650
0!
#6629572650
1!
#6630572675
0!
#6631572650
1!
#6632572650
0!
#6633572650
1!
#6634572650
0!
#6635572650
1!
#6636572650
0!
#6637572650
1!
#6638572675
0!
#6639572650
1!
#6640572650
0!
#6641572650
1!
#6642572650
0!
#6643572650
1!
#6644572650
0!
#6645572650
1!
#6646572675
0!
#6647572650
1!
#6648572650
0!
#6649572650
1!
#6650572650
0!
#6651572650
1!
#6652572650
0!
#6653572650
1!
#6654572675
0!
#6655572650
1!
#6656572650
0!
#6657572650
1!
#6658572650
0!
#6659572650
1!
#6660572650
0!
#6661572650
1!
#6662572675
0!
#6663572650
1!
#6664572650
0!
#6665572650
1!
#6666572650
0!
#6667572650
1!
#6668572650
0!
#6669572650
1!
#6670572675
0!
#6671572650
1!
#6672572650
0!
#6673572650
1!
#6674572650
0!
#6675572650
1!
#6676572650
0!
#6677572650
1!
#6678572675
0!
#6679572650
1!
#6680572650
0!
#6681572650
1!
#6682572650
0!
#6683572650
1!
#6684572650
0!
#6685572650
1!
#6686572650
0!
#6687572650
1!
#6688572650
0!
#6689572650
1!
#6690572650
0!
#6691572650
1!
#6692572650
0!
#6693572650
1!
#6694572650
0!
#6695572650
1!
#6696572650
0!
#6697572650
1!
#6698572650
0!
#6699572650
1!
#6700572650
0!
#6701572650
1!
#6702572650
0!
#6703572650
1!
#6704572650
0!
#6705572650
1!
#6706572650
0!
#6707572650
1!
#6708572650
0!
#6709572650
1!
#6710572650
0!
#6711572650
1!
#6712572650
0!
#6713572650
1!
#6714572650
0!
#6715572650
1!
#6716572650
0!
#6717572650
1!
#6718572650
0!
#6719572650
1!
#6720572650
0!
#6721572650
1!
#6722572650
0!
#6723572650
1!
#6724572650
0!
#6725572650
1!
#6726572650
0!
#6727572650
1!
#6728572650
0!
#6729572650
1!
#6730572650
0!
#6731572650
1!
#6732572650
0!
#6733572650
1!
#6734572650
0!
#6735572650
1!
#6736572650
0!
#6737572650
1!
#6738572650
0!
#6739572650
1!
#6740572650
0!
#6741572650
1!
#6742572650
0!
#6743572650
1!
#6744572650
0!
#6745572650
1!
#6746572650
0!
#6747572650
1!
#6748572650
0!
#6749572650
1!
#6750572650
0!
#6751572650
1!
#6752572650
0!
#6753572650
1!
#6754572650
0!
#6755572650
1!
#6756572650
0!
#6757572650
1!
#6758572650
0!
#6759572650
1!
#6760572650
0!
#6761572650
1!
#6762572650
0!
#6763572650
1!
#6764572650
0!
#6765572650
1!
#6766572650
0!
#6767572650
1!
#6768572650
0!
#6769572650
1!
#6770572650
0!
#6771572650
1!
#6772572650
0!
#6773572650
1!
#6774572650
0!
#6775572650
1!
#6776572650
0!
#6777572650
1!
#6778572650
0!
#6779572650
1!
#6780572650
0!
#6781572650
1!
#6782572650
0!
#6783572650
1!
#6784572650
0!
#6785572650
1!
#6786572650
0!
#6787572650
1!
#6788572650
0!
#6789572650
1!
#6790572650
0!
#6791572650
1!
#6792572650
0!
#6793572650
1!
#6794572650
0!
#6795572650
1!
#6796572650
0!
#6797572650
1!
#6798572650
0!
#6799572650
1!
#6800572650
0!
#6801572650
1!
#6802572650
0!
#6803572650
1!
#6804572650
0!
#6805572650
1!
#6806572650
0!
#6807572650
1!
#6808572650
0!
#6809572650
1!
#6810572650
0!
#6811572650
1!
#6812572650
0!
#6813572650
1!
#6814572650
0!
#6815572650
1!
#6816572650
0!
#6817572650
1!
#6818572650
0!
#6819572650
1!
#6820572650
0!
#6821572650
1!
#6822572650
0!
#6823572650
1!
#6824572650
0!
#6825572650
1!
#6826572650
0!
#6827572650
1!
#6828572650
0!
#6829572650
1!
#6830572650
0!
#6831572650
1!
#6832572650
0!
#6833572650
1!
#6834572650
0!
#6835572650
1!
#6836572650
0!
#6837572650
1!
#6838572650
0!
#6839572650
1!
#6840572650
0!
#6841572650
1!
#6842572650
0!
#6843572650
1!
#6844572650
0!
#6845572650
1!
#6846572650
0!
#6847572650
1!
#6848572650
0!
#6849572650
1!
#6850572650
0!
#6851572650
1!
#6852572650
0!
#6853572650
1!
#6854572650
0!
#6855572650
1!
#6856572650
0!
#6857572650
1!
#6858572650
0!
#6859572650
1!
#6860572650
0!
#6861572650
1!
#6862572650
0!
#6863572650
1!
#6864572650
0!
#6865572650
1!
#6866572650
0!
#6867572650
1!
#6868572650
0!
#6869572650
1!
#6870572650
0!
#6871572650
1!
#6872572650
0!
#6873572650
1!
#6874572650
0!
#6875572650
1!
#6876572650
0!
#6877572650
1!
#6878572650
0!
#6879572650
1!
#6880572650
0!
#6881572650
1!
#6882572650
0!
#6883572650
1!
#6884572650
0!
#6885572650
1!
#6886572650
0!
#6887572650
1!
#6888572650
0!
#6889572650
1!
#6890572650
0!
#6891572650
1!
#6892572650
0!
#6893572650
1!
#6894572650
0!
#6895572650
1!
#6896572650
0!
#6897572650
1!
#6898572650
0!
#6899572650
1!
#6900572650
0!
#6901572650
1!
#6902572650
0!
#6903572650
1!
#6904572650
0!
#6905572650
1!
#6906572650
0!
#6907572650
1!
#6908572650
0!
#6909572650
1!
#6910572650
0!
#6911572650
1!
#6912572650
0!
#6913572650
1!
#6914572650
0!
#6915572650
1!
#6916572650
0!
#6917572650
1!
#6918572650
0!
#6919572650
1!
#6920572650
0!
#6921572650
1!
#6922572650
0!
#6923572650
1!
#6924572650
0!
#6925572650
1!
#6926572650
0!
#6927572650
1!
#6928572650
0!
#6929572650
1!
#6930572650
0!
#6931572650
1!
#6932572650
0!
#6933572650
1!
#6934572650
0!
#6935572650
1!
#6936572650
0!
#6937572650
1!
#6938572650
0!
#6939572650
1!
#6940572650
0!
#6941572650
1!
#6942572650
0!
#6943572650
1!
#6944572650
0!
#6945572650
1!
#6946572650
0!
#6947572650
1!
#6948572650
0!
#6949572650
1!
#6950572650
0!
#6951572650
1!
#6952572650
0!
#6953572650
1!
#6954572650
0!
#6955572650
1!
#6956572650
0!
#6957572650
1!
#6958572650
0!
#6959572650
1!
#6960572650
0!
#6961572650
1!
#6962572650
0!
#6963572650
1!
#6964572650
0!
#6965572650
1!
#6966572650
0!
#6967572650
1!
#6968572650
0!
#6969572650
1!
#6970572650
0!
#6971572650
1!
#6972572650
0!
#6973572650
1!
#6974572650
0!
#6975572650
1!
#6976572650
0!
#6977572650
1!
#6978572650
0!
#6979572650
1!
#6980572650
0!
#6981572650
1!
#6982572650
0!
#6983572650
1!
#6984572650
0!
#6985572650
1!
#6986572650
0!
#6987572650
1!
#6988572650
0!
#6989572650
1!
#6990572650
0!
#6991572650
1!
#6992572650
0!
#6993572650
1!
#6994572650
0!
#6995572650
1!
#6996572650
0!
#6997572650
1!
#6998572650
0!
#6999572650
1!
#7000572650
0!
#7001572650
1!
#7002572650
0!
#7003572650
1!
#7004572650
0!
#7005572650
1!
#7006572650
0!
#7007572650
1!
#7008572650
0!
#7009572650
1!
#7010572650
0!
#7011572650
1!
#7012572650
0!
#7013572650
1!
#7014572650
0!
#7015572650
1!
#7016572650
0!
#7017572650
1!
#7018572650
0!
#7019572650
1!
#7020572650
0!
#7021572650
1!
#7022572650
0!
#7023572650
1!
#7024572650
0!
#7025572650
1!
#7026572650
0!
#7027572650
1!
#7028572650
0!
#7029572650
1!
#7030572650
0!
#7031572650
1!
#7032572650
0!
#7033572650
1!
#7034572650
0!
#7035572650
1!
#7036572650
0!
#7037572650
1!
#7038572650
0!
#7039572650
1!
#7040572650
0!
#7041572650
1!
#7042572650
0!
#7043572650
1!
#7044572650
0!
#7045572650
1!
#7046572650
0!
#7047572650
1!
#7048572650
0!
#7049572650
1!
#7050572650
0!
#7051572650
1!
#7052572650
0!
#7053572650
1!
#7054572650
0!
#7055572650
1!
#7056572650
0!
#7057572650
1!
#7058572650
0!
#7059572650
1!
#7060572650
0!
#7061572650
1!
#7062572650
0!
#7063572650
1!
#7064572650
0!
#7065572650
1!
#7066572650
0!
#7067572650
1!
#7068572650
0!
#7069572650
1!
#7070572650
0!
#7071572650
1!
#7072572650
0!
#7073572650
1!
#7074572650
0!
#7075572650
1!
#7076572650
0!
#7077572650
1!
#7078572650
0!
#7079572650
1!
#7080572650
0!
#7081572650
1!
#7082572650
0!
#7083572650
1!
#7084572650
0!
#7085572650
1!
#7086572650
0!
#7087572650
1!
#7088572650
0!
#7089572650
1!
#7090572650
0!
#7091572650
1!
#7092572650
0!
#7093572650
1!
#7094572650
0!
#7095572650
1!
#7096572650
0!
#7097572650
1!
#7098572650
0!
#7099572650
1!
#7100572650
0!
#7101572650
1!
#7102572650
0!
#7103572650
1!
#7104572650
0!
#7105572650
1!
#7106572650
0!
#7107572650
1!
#7108572650
0!
#7109572650
1!
#7110572650
0!
#7111572650
1!
#7112572650
0!
#7113572650
1!
#7114572650
0!
#7115572650
1!
#7116572650
0!
#7117572650
1!
#7118572650
0!
#7119572650
1!
#7120572650
0!
#7121572650
1!
#7122572650
0!
#7123572650
1!
#7124572650
0!
#7125572650
1!
#7126572650
0!
#7127572650
1!
#7128572650
0!
#7129572650
1!
#7130572650
0!
#7131572650
1!
#7132572650
0!
#7133572650
1!
#7134572650
0!
#7135572650
1!
#7136572650
0!
#7137572650
1!
#7138572650
0!
#7139572650
1!
#7140572650
0!
#7141572650
1!
#7142572650
0!
#7143572650
1!
#7144572650
0!
#7145572650
1!
#7146572650
0!
#7147572650
1!
#7148572650
0!
#7149572650
1!
#7150572650
0!
#7151572650
1!
#7152572650
0!
#7153572650
1!
#7154572650
0!
#7155572650
1!
#7156572650
0!
#7157572650
1!
#7158572650
0!
#7159572650
1!
#7160572650
0!
#7161572650
1!
#7162572650
0!
#7163572650
1!
#7164572650
0!
#7165572650
1!
#7166572650
0!
#7167572650
1!
#7168572650
0!
#7169572650
1!
#7170572650
0!
#7171572650
1!
#7172572650
0!
#7173572650
1!
#7174572650
0!
#7175572650
1!
#7176572650
0!
#7177572650
1!
#7178572650
0!
#7179572650
1!
#7180572650
0!
#7181572650
1!
#7182572650
0!
#7183572650
1!
#7184572650
0!
#7185572650
1!
#7186572650
0!
#7187572650
1!
#7188572650
0!
#7189572650
1!
#7190572650
0!
#7191572650
1!
#7192572650
0!
#7193572650
1!
#7194572650
0!
#7195572650
1!
#7196572650
0!
#7197572650
1!
#7198572650
0!
#7199572650
1!
#7200572650
0!
#7201572650
1!
#7202572650
0!
#7203572650
1!
#7204572650
0!
#7205572650
1!
#7206572650
0!
#7207572650
1!
#7208572650
0!
#7209572650
1!
#7210572650
0!
#7211572650
1!
#7212572650
0!
#7213572650
1!
#7214572650
0!
#7215572650
1!
#7216572650
0!
#7217572650
1!
#7218572650
0!
#7219572650
1!
#7220572650
0!
#7221572650
1!
#7222572650
0!
#7223572650
1!
#7224572650
0!
#7225572650
1!
#7226572650
0!
#7227572650
1!
#7228572650
0!
#7229572650
1!
#7230572650
0!
#7231572650
1!
#7232572650
0!
#7233572650
1!
#7234572650
0!
#7235572650
1!
#7236572650
0!
#7237572650
1!
#7238572650
0!
#7239572650
1!
#7240572650
0!
#7241572650
1!
#7242572650
0!
#7243572650
1!
#7244572650
0!
#7245572650
1!
#7246572650
0!
#7247572650
1!
#7248572650
0!
#7249572650
1!
#7250572650
0!
#7251572650
1!
#7252572650
0!
#7253572650
1!
#7254572650
0!
#7255572650
1!
#7256572650
0!
#7257572650
1!
#7258572650
0!
#7259572650
1!
#7260572650
0!
#7261572650
1!
#7262572650
0!
#7263572650
1!
#7264572650
0!
#7265572650
1!
#7266572650
0!
#7267572650
1!
#7268572650
0!
#7269572650
1!
#7270572650
0!
#7271572650
1!
#7272572650
0!
#7273572650
1!
#7274572650
0!
#7275572650
1!
#7276572650
0!
#7277572650
1!
#7278572650
0!
#7279572650
1!
#7280572650
0!
#7281572650
1!
#7282572650
0!
#7283572650
1!
#7284572650
0!
#7285572650
1!
#7286572650
0!
#7287572650
1!
#7288572650
0!
#7289572650
1!
#7290572650
0!
#7291572650
1!
#7292572650
0!
#7293572650
1!
#7294572650
0!
#7295572650
1!
#7296572650
0!
#7297572650
1!
#7298572650
0!
#7299572650
1!
#7300572650
0!
#7301572650
1!
#7302572650
0!
#7303572650
1!
#7304572650
0!
#7305572650
1!
#7306572650
0!
#7307572650
1!
#7308572650
0!
#7309572650
1!
#7310572650
0!
#7311572650
1!
#7312572650
0!
#7313572650
1!
#7314572650
0!
#7315572650
1!
#7316572650
0!
#7317572650
1!
#7318572650
0!
#7319572650
1!
#7320572650
0!
#7321572650
1!
#7322572650
0!
#7323572650
1!
#7324572650
0!
#7325572650
1!
#7326572650
0!
#7327572650
1!
#7328572650
0!
#7329572650
1!
#7330572650
0!
#7331572650
1!
#7332572650
0!
#7333572650
1!
#7334572650
0!
#7335572650
1!
#7336572650
0!
#7337572650
1!
#7338572650
0!
#7339572650
1!
#7340572650
0!
#7341572650
1!
#7342572650
0!
#7343572650
1!
#7344572650
0!
#7345572650
1!
#7346572650
0!
#7347572650
1!
#7348572650
0!
#7349572650
1!
#7350572650
0!
#7351572650
1!
#7352572650
0!
#7353572650
1!
#7354572650
0!
#7355572650
1!
#7356572650
0!
#7357572650
1!
#7358572650
0!
#7359572650
1!
#7360572650
0!
#7361572650
1!
#7362572650
0!
#7363572650
1!
#7364572650
0!
#7365572650
1!
#7366572650
0!
#7367572650
1!
#7368572650
0!
#7369572650
1!
#7370572650
0!
#7371572650
1!
#7372572650
0!
#7373572650
1!
#7374572650
0!
#7375572650
1!
#7376572650
0!
#7377572650
1!
#7378572650
0!
#7379572650
1!
#7380572650
0!
#7381572650
1!
#7382572650
0!
#7383572650
1!
#7384572650
0!
#7385572650
1!
#7386572650
0!
#7387572650
1!
#7388572650
0!
#7389572650
1!
#7390572650
0!
#7391572650
1!
#7392572650
0!
#7393572650
1!
#7394572650
0!
#7395572650
1!
#7396572650
0!
#7397572650
1!
#7398572650
0!
#7399572650
1!
#7400572650
0!
#7401572650
1!
#7402572650
0!
#7403572650
1!
#7404572650
0!
#7405572650
1!
#7406572650
0!
#7407572650
1!
#7408572650
0!
#7409572650
1!
#7410572650
0!
#7411572650
1!
#7412572650
0!
#7413572650
1!
#7414572650
0!
#7415572650
1!
#7416572650
0!
#7417572650
1!
#7418572650
0!
#7419572650
1!
#7420572650
0!
#7421572650
1!
#7422572650
0!
#7423572650
1!
#7424572650
0!
#7425572650
1!
#7426572650
0!
#7427572650
1!
#7428572650
0!
#7429572650
1!
#7430572650
0!
#7431572650
1!
#7432572650
0!
#7433572650
1!
#7434572650
0!
#7435572650
1!
#7436572650
0!
#7437572650
1!
#7438572650
0!
#7439572650
1!
#7440572650
0!
#7441572650
1!
#7442572650
0!
#7443572650
1!
#7444572650
0!
#7445572650
1!
#7446572650
0!
#7447572650
1!
#7448572650
0!
#7449572650
1!
#7450572650
0!
#7451572650
1!
#7452572650
0!
#7453572650
1!
#7454572650
0!
#7455572650
1!
#7456572650
0!
#7457572650
1!
#7458572650
0!
#7459572650
1!
#7460572650
0!
#7461572650
1!
#7462572650
0!
#7463572650
1!
#7464572650
0!
#7465572650
1!
#7466572650
0!
#7467572650
1!
#7468572650
0!
#7469572650
1!
#7470572650
0!
#7471572650
1!
#7472572650
0!
#7473572650
1!
#7474572650
0!
#7475572650
1!
#7476572650
0!
#7477572650
1!
#7478572650
0!
#7479572650
1!
#7480572650
0!
#7481572650
1!
#7482572650
0!
#7483572650
1!
#7484572650
0!
#7485572650
1!
#7486572650
0!
#7487572650
1!
#7488572650
0!
#7489572650
1!
#7490572650
0!
#7491572650
1!
#7492572650
0!
#7493572650
1!
#7494572650
0!
#7495572650
1!
#7496572650
0!
#7497572650
1!
#7498572650
0!
#7499572650
1!
#7500572650
0!
#7501572650
1!
#7502572650
0!
#7503572650
1!
#7504572650
0!
#7505572650
1!
#7506572650
0!
#7507572650
1!
#7508572650
0!
#7509572650
1!
#7510572650
0!
#7511572650
1!
#7512572650
0!
#7513572650
1!
#7514572650
0!
#7515572650
1!
#7516572650
0!
#7517572650
1!
#7518572650
0!
#7519572650
1!
#7520572650
0!
#7521572650
1!
#7522572650
0!
#7523572650
1!
#7524572650
0!
#7525572650
1!
#7526572650
0!
#7527572650
1!
#7528572650
0!
#7529572650
1!
#7530572650
0!
#7531572650
1!
#7532572650
0!
#7533572650
1!
#7534572650
0!
#7535572650
1!
#7536572650
0!
#7537572650
1!
#7538572650
0!
#7539572650
1!
#7540572650
0!
#7541572650
1!
#7542572650
0!
#7543572650
1!
#7544572650
0!
#7545572650
1!
#7546572650
0!
#7547572650
1!
#7548572650
0!
#7549572650
1!
#7550572650
0!
#7551572650
1!
#7552572650
0!
#7553572650
1!
#7554572650
0!
#7555572650
1!
#7556572650
0!
#7557572650
1!
#7558572650
0!
#7559572650
1!
#7560572650
0!
#7561572650
1!
#7562572650
0!
#7563572650
1!
#7564572650
0!
#7565572650
1!
#7566572650
0!
#7567572650
1!
#7568572650
0!
#7569572650
1!
#7570572650
0!
#7571572650
1!
#7572572650
0!
#7573572650
1!
#7574572650
0!
#7575572650
1!
#7576572650
0!
#7577572650
1!
#7578572650
0!
#7579572650
1!
#7580572650
0!
#7581572650
1!
#7582572650
0!
#7583572650
1!
#7584572650
0!
#7585572650
1!
#7586572650
0!
#7587572650
1!
#7588572650
0!
#7589572650
1!
#7590572650
0!
#7591572650
1!
#7592572650
0!
#7593572650
1!
#7594572650
0!
#7595572650
1!
#7596572650
0!
#7597572650
1!
#7598572650
0!
#7599572650
1!
#7600572650
0!
#7601572650
1!
#7602572650
0!
#7603572650
1!
#7604572650
0!
#7605572650
1!
#7606572650
0!
#7607572650
1!
#7608572650
0!
#7609572650
1!
#7610572650
0!
#7611572650
1!
#7612572650
0!
#7613572650
1!
#7614572650
0!
#7615572650
1!
#7616572650
0!
#7617572650
1!
#7618572650
0!
#7619572650
1!
#7620572650
0!
#7621572650
1!
#7622572650
0!
#7623572650
1!
#7624572650
0!
#7625572650
1!
#7626572650
0!
#7627572650
1!
#7628572650
0!
#7629572650
1!
#7630572650
0!
#7631572650
1!
#7632572650
0!
#7633572650
1!
#7634572650
0!
#7635572650
1!
#7636572650
0!
#7637572650
1!
#7638572650
0!
#7639572650
1!
#7640572650
0!
#7641572650
1!
#7642572650
0!
#7643572650
1!
#7644572650
0!
#7645572650
1!
#7646572650
0!
#7647572650
1!
#7648572650
0!
#7649572650
1!
#7650572650
0!
#7651572650
1!
#7652572650
0!
#7653572650
1!
#7654572650
0!
#7655572650
1!
#7656572650
0!
#7657572650
1!
#7658572650
0!
#7659572650
1!
#7660572650
0!
#7661572650
1!
#7662572650
0!
#7663572650
1!
#7664572650
0!
#7665572650
1!
#7666572650
0!
#7667572650
1!
#7668572650
0!
#7669572650
1!
#7670572650
0!
#7671572650
1!
#7672572650
0!
#7673572650
1!
#7674572650
0!
#7675572650
1!
#7676572650
0!
#7677572650
1!
#7678572650
0!
#7679572650
1!
#7680572650
0!
#7681572650
1!
#7682572650
0!
#7683572650
1!
#7684572650
0!
#7685572650
1!
#7686572650
0!
#7687572650
1!
#7688572650
0!
#7689572650
1!
#7690572650
0!
#7691572650
1!
#7692572650
0!
#7693572650
1!
#7694572650
0!
#7695572650
1!
#7696572650
0!
#7697572650
1!
#7698572650
0!
#7699572650
1!
#7700572650
0!
#7701572650
1!
#7702572650
0!
#7703572650
1!
#7704572650
0!
#7705572650
1!
#7706572650
0!
#7707572650
1!
#7708572650
0!
#7709572650
1!
#7710572650
0!
#7711572650
1!
#7712572650
0!
#7713572650
1!
#7714572650
0!
#7715572650
1!
#7716572650
0!
#7717572650
1!
#7718572650
0!
#7719572650
1!
#7720572650
0!
#7721572650
1!
#7722572650
0!
#7723572650
1!
#7724572650
0!
#7725572650
1!
#7726572650
0!
#7727572650
1!
#7728572650
0!
#7729572650
1!
#7730572650
0!
#7731572650
1!
#7732572650
0!
#7733572650
1!
#7734572650
0!
#7735572650
1!
#7736572650
0!
#7737572650
1!
#7738572650
0!
#7739572650
1!
#7740572650
0!
#7741572650
1!
#7742572650
0!
#7743572650
1!
#7744572650
0!
#7745572650
1!
#7746572650
0!
#7747572650
1!
#7748572650
0!
#7749572650
1!
#7750572650
0!
#7751572650
1!
#7752572650
0!
#7753572650
1!
#7754572650
0!
#7755572650
1!
#7756572650
0!
#7757572650
1!
#7758572650
0!
#7759572650
1!
#7760572650
0!
#7761572650
1!
#7762572650
0!
#7763572650
1!
#7764572650
0!
#7765572650
1!
#7766572650
0!
#7767572650
1!
#7768572650
0!
#7769572650
1!
#7770572650
0!
#7771572650
1!
#7772572650
0!
#7773572650
1!
#7774572650
0!
#7775572650
1!
#7776572650
0!
#7777572650
1!
#7778572650
0!
#7779572650
1!
#7780572650
0!
#7781572650
1!
#7782572650
0!
#7783572650
1!
#7784572650
0!
#7785572650
1!
#7786572650
0!
#7787572650
1!
#7788572650
0!
#7789572650
1!
#7790572650
0!
#7791572650
1!
#7792572650
0!
#7793572650
1!
#7794572650
0!
#7795572650
1!
#7796572650
0!
#7797572650
1!
#7798572650
0!
#7799572650
1!
#7800572650
0!
#7801572650
1!
#7802572650
0!
#7803572650
1!
#7804572650
0!
#7805572650
1!
#7806572650
0!
#7807572650
1!
#7808572650
0!
#7809572650
1!
#7810572650
0!
#7811572650
1!
#7812572650
0!
#7813572650
1!
#7814572650
0!
#7815572650
1!
#7816572650
0!
#7817572650
1!
#7818572650
0!
#7819572650
1!
#7820572650
0!
#7821572650
1!
#7822572650
0!
#7823572650
1!
#7824572650
0!
#7825572650
1!
#7826572650
0!
#7827572650
1!
#7828572650
0!
#7829572650
1!
#7830572650
0!
#7831572650
1!
#7832572650
0!
#7833572650
1!
#7834572650
0!
#7835572650
1!
#7836572650
0!
#7837572650
1!
#7838572650
0!
#7839572650
1!
#7840572650
0!
#7841572650
1!
#7842572650
0!
#7843572650
1!
#7844572650
0!
#7845572650
1!
#7846572650
0!
#7847572650
1!
#7848572650
0!
#7849572650
1!
#7850572650
0!
#7851572650
1!
#7852572650
0!
#7853572650
1!
#7854572650
0!
#7855572650
1!
#7856572650
0!
#7857572650
1!
#7858572650
0!
#7859572650
1!
#7860572650
0!
#7861572650
1!
#7862572650
0!
#7863572650
1!
#7864572650
0!
#7865572650
1!
#7866572650
0!
#7867572650
1!
#7868572650
0!
#7869572650
1!
#7870572650
0!
#7871572650
1!
#7872572650
0!
#7873572650
1!
#7874572650
0!
#7875572650
1!
#7876572650
0!
#7877572650
1!
#7878572650
0!
#7879572650
1!
#7880572650
0!
#7881572650
1!
#7882572650
0!
#7883572650
1!
#7884572650
0!
#7885572650
1!
#7886572650
0!
#7887572650
1!
#7888572650
0!
#7889572650
1!
#7890572650
0!
#7891572650
1!
#7892572650
0!
#7893572650
1!
#7894572650
0!
#7895572650
1!
#7896572650
0!
#7897572650
1!
#7898572650
0!
#7899572650
1!
#7900572650
0!
#7901572650
1!
#7902572650
0!
#7903572650
1!
#7904572650
0!
#7905572650
1!
#7906572650
0!
#7907572650
1!
#7908572650
0!
#7909572650
1!
#7910572650
0!
#7911572650
1!
#7912572650
0!
#7913572650
1!
#7914572650
0!
#7915572650
1!
#7916572650
0!
#7917572650
1!
#7918572650
0!
#7919572650
1!
#7920572650
0!
#7921572650
1!
#7922572650
0!
#7923572650
1!
#7924572650
0!
#7925572650
1!
#7926572650
0!
#7927572650
1!
#7928572650
0!
#7929572650
1!
#7930572650
0!
#7931572650
1!
#7932572650
0!
#7933572650
1!
#7934572650
0!
#7935572650
1!
#7936572650
0!
#7937572650
1!
#7938572650
0!
#7939572650
1!
#7940572650
0!
#7941572650
1!
#7942572650
0!
#7943572650
1!
#7944572650
0!
#7945572650
1!
#7946572650
0!
#7947572650
1!
#7948572650
0!
#7949572650
1!
#7950572650
0!
#7951572650
1!
#7952572650
0!
#7953572650
1!
#7954572650
0!
#7955572650
1!
#7956572650
0!
#7957572650
1!
#7958572650
0!
#7959572650
1!
#7960572650
0!
#7961572650
1!
#7962572650
0!
#7963572650
1!
#7964572650
0!
#7965572650
1!
#7966572650
0!
#7967572650
1!
#7968572650
0!
#7969572650
1!
#7970572650
0!
#7971572650
1!
#7972572650
0!
#7973572650
1!
#7974572650
0!
#7975572650
1!
#7976572650
0!
#7977572650
1!
#7978572650
0!
#7979572650
1!
#7980572650
0!
#7981572650
1!
#7982572650
0!
#7983572650
1!
#7984572650
0!
#7985572650
1!
#7986572650
0!
#7987572650
1!
#7988572650
0!
#7989572650
1!
#7990572650
0!
#7991572650
1!
#7992572650
0!
#7993572650
1!
#7994572650
0!
#7995572650
1!
#7996572650
0!
#7997572650
1!
#7998572650
0!
#7999572650
1!
#8000572650
0!
#8001572650
1!
#8002572650
0!
#8003572650
1!
#8004572650
0!
#8005572650
1!
#8006572650
0!
#8007572650
1!
#8008572650
0!
#8009572675
1!
#8010572650
0!
#8011572650
1!
#8012572650
0!
#8013572650
1!
#8014572650
0!
#8015572650
1!
#8016572650
0!
#8017572650
1!
#8018572650
0!
#8019572650
1!
#8020572650
0!
#8021572650
1!
#8022572675
0!
#8023572650
1!
#8024572650
0!
#8025572675
1!
#8026572650
0!
#8027572650
1!
#8028572650
0!
#8029572650
1!
#8030572650
0!
#8031572650
1!
#8032572650
0!
#8033572650
1!
#8034572650
0!
#8035572650
1!
#8036572650
0!
#8037572650
1!
#8038572675
0!
#8039572650
1!
#8040572650
0!
#8041572675
1!
#8042572650
0!
#8043572650
1!
#8044572650
0!
#8045572650
1!
#8046572650
0!
#8047572650
1!
#8048572650
0!
#8049572650
1!
#8050572650
0!
#8051572650
1!
#8052572650
0!
#8053572650
1!
#8054572675
0!
#8055572650
1!
#8056572650
0!
#8057572650
1!
#8058572650
0!
#8059572650
1!
#8060572650
0!
#8061572650
1!
#8062572650
0!
#8063572650
1!
#8064572650
0!
#8065572650
1!
#8066572650
0!
#8067572650
1!
#8068572650
0!
#8069572650
1!
#8070572675
0!
#8071572650
1!
#8072572650
0!
#8073572650
1!
#8074572650
0!
#8075572650
1!
#8076572650
0!
#8077572650
1!
#8078572650
0!
#8079572650
1!
#8080572650
0!
#8081572650
1!
#8082572650
0!
#8083572650
1!
#8084572650
0!
#8085572650
1!
#8086572675
0!
#8087572650
1!
#8088572650
0!
#8089572650
1!
#8090572650
0!
#8091572650
1!
#8092572650
0!
#8093572650
1!
#8094572650
0!
#8095572650
1!
#8096572650
0!
#8097572650
1!
#8098572650
0!
#8099572650
1!
#8100572650
0!
#8101572650
1!
#8102572675
0!
#8103572650
1!
#8104572650
0!
#8105572650
1!
#8106572650
0!
#8107572650
1!
#8108572650
0!
#8109572650
1!
#8110572650
0!
#8111572650
1!
#8112572650
0!
#8113572650
1!
#8114572650
0!
#8115572650
1!
#8116572650
0!
#8117572650
1!
#8118572675
0!
#8119572650
1!
#8120572650
0!
#8121572650
1!
#8122572650
0!
#8123572650
1!
#8124572650
0!
#8125572650
1!
#8126572650
0!
#8127572650
1!
#8128572650
0!
#8129572650
1!
#8130572650
0!
#8131572650
1!
#8132572650
0!
#8133572650
1!
#8134572675
0!
#8135572650
1!
#8136572650
0!
#8137572650
1!
#8138572650
0!
#8139572650
1!
#8140572650
0!
#8141572650
1!
#8142572650
0!
#8143572650
1!
#8144572650
0!
#8145572650
1!
#8146572650
0!
#8147572675
1!
#8148572650
0!
#8149572650
1!
#8150572675
0!
#8151572650
1!
#8152572650
0!
#8153572650
1!
#8154572650
0!
#8155572650
1!
#8156572650
0!
#8157572650
1!
#8158572650
0!
#8159572650
1!
#8160572650
0!
#8161572650
1!
#8162572650
0!
#8163572675
1!
#8164572650
0!
#8165572650
1!
#8166572675
0!
#8167572650
1!
#8168572650
0!
#8169572650
1!
#8170572650
0!
#8171572650
1!
#8172572650
0!
#8173572650
1!
#8174572650
0!
#8175572650
1!
#8176572650
0!
#8177572650
1!
#8178572650
0!
#8179572675
1!
#8180572650
0!
#8181572650
1!
#8182572650
0!
#8183572650
1!
#8184572650
0!
#8185572650
1!
#8186572650
0!
#8187572650
1!
#8188572650
0!
#8189572650
1!
#8190572650
0!
#8191572650
1!
#8192572650
0!
#8193572650
1!
#8194572650
0!
#8195572675
1!
#8196572650
0!
#8197572650
1!
#8198572650
0!
#8199572650
1!
#8200572650
0!
#8201572650
1!
#8202572650
0!
#8203572650
1!
#8204572650
0!
#8205572650
1!
#8206572650
0!
#8207572650
1!
#8208572650
0!
#8209572650
1!
#8210572650
0!
#8211572675
1!
#8212572650
0!
#8213572650
1!
#8214572650
0!
#8215572650
1!
#8216572650
0!
#8217572650
1!
#8218572650
0!
#8219572650
1!
#8220572650
0!
#8221572650
1!
#8222572650
0!
#8223572650
1!
#8224572650
0!
#8225572650
1!
#8226572650
0!
#8227572675
1!
#8228572650
0!
#8229572650
1!
#8230572650
0!
#8231572650
1!
#8232572650
0!
#8233572650
1!
#8234572650
0!
#8235572650
1!
#8236572650
0!
#8237572650
1!
#8238572650
0!
#8239572650
1!
#8240572650
0!
#8241572650
1!
#8242572650
0!
#8243572675
1!
#8244572650
0!
#8245572650
1!
#8246572650
0!
#8247572650
1!
#8248572650
0!
#8249572650
1!
#8250572650
0!
#8251572650
1!
#8252572650
0!
#8253572650
1!
#8254572650
0!
#8255572650
1!
#8256572650
0!
#8257572650
1!
#8258572650
0!
#8259572675
1!
#8260572650
0!
#8261572650
1!
#8262572650
0!
#8263572650
1!
#8264572650
0!
#8265572650
1!
#8266572650
0!
#8267572650
1!
#8268572650
0!
#8269572650
1!
#8270572650
0!
#8271572650
1!
#8272572675
0!
#8273572650
1!
#8274572650
0!
#8275572675
1!
#8276572650
0!
#8277572650
1!
#8278572650
0!
#8279572650
1!
#8280572650
0!
#8281572650
1!
#8282572650
0!
#8283572650
1!
#8284572650
0!
#8285572650
1!
#8286572650
0!
#8287572650
1!
#8288572675
0!
#8289572650
1!
#8290572650
0!
#8291572675
1!
#8292572650
0!
#8293572650
1!
#8294572650
0!
#8295572650
1!
#8296572650
0!
#8297572650
1!
#8298572650
0!
#8299572650
1!
#8300572650
0!
#8301572650
1!
#8302572650
0!
#8303572650
1!
#8304572675
0!
#8305572650
1!
#8306572650
0!
#8307572650
1!
#8308572650
0!
#8309572650
1!
#8310572650
0!
#8311572650
1!
#8312572650
0!
#8313572650
1!
#8314572650
0!
#8315572650
1!
#8316572650
0!
#8317572650
1!
#8318572650
0!
#8319572650
1!
#8320572675
0!
#8321572650
1!
#8322572650
0!
#8323572650
1!
#8324572650
0!
#8325572650
1!
#8326572650
0!
#8327572650
1!
#8328572650
0!
#8329572650
1!
#8330572650
0!
#8331572650
1!
#8332572650
0!
#8333572650
1!
#8334572650
0!
#8335572650
1!
#8336572675
0!
#8337572650
1!
#8338572650
0!
#8339572650
1!
#8340572650
0!
#8341572650
1!
#8342572650
0!
#8343572650
1!
#8344572650
0!
#8345572650
1!
#8346572650
0!
#8347572650
1!
#8348572650
0!
#8349572650
1!
#8350572650
0!
#8351572650
1!
#8352572675
0!
#8353572650
1!
#8354572650
0!
#8355572650
1!
#8356572650
0!
#8357572650
1!
#8358572650
0!
#8359572650
1!
#8360572650
0!
#8361572650
1!
#8362572650
0!
#8363572650
1!
#8364572650
0!
#8365572650
1!
#8366572650
0!
#8367572650
1!
#8368572675
0!
#8369572650
1!
#8370572650
0!
#8371572650
1!
#8372572650
0!
#8373572650
1!
#8374572650
0!
#8375572650
1!
#8376572650
0!
#8377572650
1!
#8378572650
0!
#8379572650
1!
#8380572650
0!
#8381572650
1!
#8382572650
0!
#8383572650
1!
#8384572675
0!
#8385572650
1!
#8386572650
0!
#8387572650
1!
#8388572650
0!
#8389572650
1!
#8390572650
0!
#8391572650
1!
#8392572650
0!
#8393572650
1!
#8394572650
0!
#8395572650
1!
#8396572650
0!
#8397572675
1!
#8398572650
0!
#8399572650
1!
#8400572675
0!
#8401572650
1!
#8402572650
0!
#8403572650
1!
#8404572650
0!
#8405572650
1!
#8406572650
0!
#8407572650
1!
#8408572650
0!
#8409572650
1!
#8410572650
0!
#8411572650
1!
#8412572650
0!
#8413572675
1!
#8414572650
0!
#8415572650
1!
#8416572675
0!
#8417572650
1!
#8418572650
0!
#8419572650
1!
#8420572650
0!
#8421572650
1!
#8422572650
0!
#8423572650
1!
#8424572650
0!
#8425572650
1!
#8426572650
0!
#8427572650
1!
#8428572650
0!
#8429572675
1!
#8430572650
0!
#8431572650
1!
#8432572650
0!
#8433572650
1!
#8434572650
0!
#8435572650
1!
#8436572650
0!
#8437572650
1!
#8438572650
0!
#8439572650
1!
#8440572650
0!
#8441572650
1!
#8442572650
0!
#8443572650
1!
#8444572650
0!
#8445572650
1!
#8446572650
0!
#8447572650
1!
#8448572650
0!
#8449572650
1!
#8450572650
0!
#8451572650
1!
#8452572650
0!
#8453572650
1!
#8454572650
0!
#8455572650
1!
#8456572650
0!
#8457572650
1!
#8458572650
0!
#8459572650
1!
#8460572650
0!
#8461572675
1!
#8462572650
0!
#8463572650
1!
#8464572650
0!
#8465572650
1!
#8466572650
0!
#8467572650
1!
#8468572650
0!
#8469572650
1!
#8470572650
0!
#8471572650
1!
#8472572650
0!
#8473572650
1!
#8474572650
0!
#8475572650
1!
#8476572650
0!
#8477572675
1!
#8478572650
0!
#8479572650
1!
#8480572650
0!
#8481572650
1!
#8482572650
0!
#8483572650
1!
#8484572650
0!
#8485572650
1!
#8486572650
0!
#8487572650
1!
#8488572650
0!
#8489572650
1!
#8490572650
0!
#8491572650
1!
#8492572650
0!
#8493572675
1!
#8494572650
0!
#8495572650
1!
#8496572650
0!
#8497572650
1!
#8498572650
0!
#8499572650
1!
#8500572650
0!
#8501572650
1!
#8502572650
0!
#8503572650
1!
#8504572650
0!
#8505572650
1!
#8506572650
0!
#8507572650
1!
#8508572650
0!
#8509572675
1!
#8510572650
0!
#8511572650
1!
#8512572650
0!
#8513572650
1!
#8514572650
0!
#8515572650
1!
#8516572650
0!
#8517572650
1!
#8518572650
0!
#8519572650
1!
#8520572650
0!
#8521572650
1!
#8522572675
0!
#8523572650
1!
#8524572650
0!
#8525572675
1!
#8526572650
0!
#8527572650
1!
#8528572650
0!
#8529572650
1!
#8530572650
0!
#8531572650
1!
#8532572650
0!
#8533572650
1!
#8534572650
0!
#8535572650
1!
#8536572650
0!
#8537572650
1!
#8538572675
0!
#8539572650
1!
#8540572650
0!
#8541572675
1!
#8542572650
0!
#8543572650
1!
#8544572650
0!
#8545572650
1!
#8546572650
0!
#8547572650
1!
#8548572650
0!
#8549572650
1!
#8550572650
0!
#8551572650
1!
#8552572650
0!
#8553572650
1!
#8554572675
0!
#8555572650
1!
#8556572650
0!
#8557572650
1!
#8558572650
0!
#8559572650
1!
#8560572650
0!
#8561572650
1!
#8562572650
0!
#8563572650
1!
#8564572650
0!
#8565572650
1!
#8566572650
0!
#8567572650
1!
#8568572650
0!
#8569572650
1!
#8570572675
0!
#8571572650
1!
#8572572650
0!
#8573572650
1!
#8574572650
0!
#8575572650
1!
#8576572650
0!
#8577572650
1!
#8578572650
0!
#8579572650
1!
#8580572650
0!
#8581572650
1!
#8582572650
0!
#8583572650
1!
#8584572650
0!
#8585572650
1!
#8586572675
0!
#8587572650
1!
#8588572650
0!
#8589572650
1!
#8590572650
0!
#8591572650
1!
#8592572650
0!
#8593572650
1!
#8594572650
0!
#8595572650
1!
#8596572650
0!
#8597572650
1!
#8598572650
0!
#8599572650
1!
#8600572650
0!
#8601572650
1!
#8602572675
0!
#8603572650
1!
#8604572650
0!
#8605572650
1!
#8606572650
0!
#8607572650
1!
#8608572650
0!
#8609572650
1!
#8610572650
0!
#8611572650
1!
#8612572650
0!
#8613572650
1!
#8614572650
0!
#8615572650
1!
#8616572650
0!
#8617572650
1!
#8618572675
0!
#8619572650
1!
#8620572650
0!
#8621572650
1!
#8622572650
0!
#8623572650
1!
#8624572650
0!
#8625572650
1!
#8626572650
0!
#8627572650
1!
#8628572650
0!
#8629572650
1!
#8630572650
0!
#8631572650
1!
#8632572650
0!
#8633572650
1!
#8634572675
0!
#8635572650
1!
#8636572650
0!
#8637572650
1!
#8638572650
0!
#8639572650
1!
#8640572650
0!
#8641572650
1!
#8642572650
0!
#8643572650
1!
#8644572650
0!
#8645572650
1!
#8646572650
0!
#8647572675
1!
#8648572650
0!
#8649572650
1!
#8650572675
0!
#8651572650
1!
#8652572650
0!
#8653572650
1!
#8654572650
0!
#8655572650
1!
#8656572650
0!
#8657572650
1!
#8658572650
0!
#8659572650
1!
#8660572650
0!
#8661572650
1!
#8662572650
0!
#8663572675
1!
#8664572650
0!
#8665572650
1!
#8666572675
0!
#8667572650
1!
#8668572650
0!
#8669572650
1!
#8670572650
0!
#8671572650
1!
#8672572650
0!
#8673572650
1!
#8674572650
0!
#8675572650
1!
#8676572650
0!
#8677572650
1!
#8678572650
0!
#8679572675
1!
#8680572650
0!
#8681572650
1!
#8682572650
0!
#8683572650
1!
#8684572650
0!
#8685572650
1!
#8686572650
0!
#8687572650
1!
#8688572650
0!
#8689572650
1!
#8690572650
0!
#8691572650
1!
#8692572650
0!
#8693572650
1!
#8694572650
0!
#8695572675
1!
#8696572650
0!
#8697572650
1!
#8698572650
0!
#8699572650
1!
#8700572650
0!
#8701572650
1!
#8702572650
0!
#8703572650
1!
#8704572650
0!
#8705572650
1!
#8706572650
0!
#8707572650
1!
#8708572650
0!
#8709572650
1!
#8710572650
0!
#8711572675
1!
#8712572650
0!
#8713572650
1!
#8714572650
0!
#8715572650
1!
#8716572650
0!
#8717572650
1!
#8718572650
0!
#8719572650
1!
#8720572650
0!
#8721572650
1!
#8722572650
0!
#8723572650
1!
#8724572650
0!
#8725572650
1!
#8726572650
0!
#8727572675
1!
#8728572650
0!
#8729572650
1!
#8730572650
0!
#8731572650
1!
#8732572650
0!
#8733572650
1!
#8734572650
0!
#8735572650
1!
#8736572650
0!
#8737572650
1!
#8738572650
0!
#8739572650
1!
#8740572650
0!
#8741572650
1!
#8742572650
0!
#8743572675
1!
#8744572650
0!
#8745572650
1!
#8746572650
0!
#8747572650
1!
#8748572650
0!
#8749572650
1!
#8750572650
0!
#8751572650
1!
#8752572650
0!
#8753572650
1!
#8754572650
0!
#8755572650
1!
#8756572650
0!
#8757572650
1!
#8758572650
0!
#8759572675
1!
#8760572650
0!
#8761572650
1!
#8762572650
0!
#8763572650
1!
#8764572650
0!
#8765572650
1!
#8766572650
0!
#8767572650
1!
#8768572650
0!
#8769572650
1!
#8770572650
0!
#8771572650
1!
#8772572675
0!
#8773572650
1!
#8774572650
0!
#8775572675
1!
#8776572650
0!
#8777572650
1!
#8778572650
0!
#8779572650
1!
#8780572650
0!
#8781572650
1!
#8782572650
0!
#8783572650
1!
#8784572650
0!
#8785572650
1!
#8786572650
0!
#8787572650
1!
#8788572675
0!
#8789572650
1!
#8790572650
0!
#8791572675
1!
#8792572650
0!
#8793572650
1!
#8794572650
0!
#8795572650
1!
#8796572650
0!
#8797572650
1!
#8798572650
0!
#8799572650
1!
#8800572650
0!
#8801572650
1!
#8802572650
0!
#8803572650
1!
#8804572675
0!
#8805572650
1!
#8806572650
0!
#8807572650
1!
#8808572650
0!
#8809572650
1!
#8810572650
0!
#8811572650
1!
#8812572650
0!
#8813572650
1!
#8814572650
0!
#8815572650
1!
#8816572650
0!
#8817572650
1!
#8818572650
0!
#8819572650
1!
#8820572675
0!
#8821572650
1!
#8822572650
0!
#8823572650
1!
#8824572650
0!
#8825572650
1!
#8826572650
0!
#8827572650
1!
#8828572650
0!
#8829572650
1!
#8830572650
0!
#8831572650
1!
#8832572650
0!
#8833572650
1!
#8834572650
0!
#8835572650
1!
#8836572675
0!
#8837572650
1!
#8838572650
0!
#8839572650
1!
#8840572650
0!
#8841572650
1!
#8842572650
0!
#8843572650
1!
#8844572650
0!
#8845572650
1!
#8846572650
0!
#8847572650
1!
#8848572650
0!
#8849572650
1!
#8850572650
0!
#8851572650
1!
#8852572675
0!
#8853572650
1!
#8854572650
0!
#8855572650
1!
#8856572650
0!
#8857572650
1!
#8858572650
0!
#8859572650
1!
#8860572650
0!
#8861572650
1!
#8862572650
0!
#8863572650
1!
#8864572650
0!
#8865572650
1!
#8866572650
0!
#8867572650
1!
#8868572675
0!
#8869572650
1!
#8870572650
0!
#8871572650
1!
#8872572650
0!
#8873572650
1!
#8874572650
0!
#8875572650
1!
#8876572650
0!
#8877572650
1!
#8878572650
0!
#8879572650
1!
#8880572650
0!
#8881572650
1!
#8882572650
0!
#8883572650
1!
#8884572675
0!
#8885572650
1!
#8886572650
0!
#8887572650
1!
#8888572650
0!
#8889572650
1!
#8890572650
0!
#8891572650
1!
#8892572650
0!
#8893572650
1!
#8894572650
0!
#8895572650
1!
#8896572650
0!
#8897572675
1!
#8898572650
0!
#8899572650
1!
#8900572675
0!
#8901572650
1!
#8902572650
0!
#8903572650
1!
#8904572650
0!
#8905572650
1!
#8906572650
0!
#8907572650
1!
#8908572650
0!
#8909572650
1!
#8910572650
0!
#8911572650
1!
#8912572650
0!
#8913572675
1!
#8914572650
0!
#8915572650
1!
#8916572675
0!
#8917572650
1!
#8918572650
0!
#8919572650
1!
#8920572650
0!
#8921572650
1!
#8922572650
0!
#8923572650
1!
#8924572650
0!
#8925572650
1!
#8926572650
0!
#8927572650
1!
#8928572650
0!
#8929572675
1!
#8930572650
0!
#8931572650
1!
#8932572650
0!
#8933572650
1!
#8934572650
0!
#8935572650
1!
#8936572650
0!
#8937572650
1!
#8938572650
0!
#8939572650
1!
#8940572650
0!
#8941572650
1!
#8942572650
0!
#8943572650
1!
#8944572650
0!
#8945572675
1!
#8946572650
0!
#8947572650
1!
#8948572650
0!
#8949572650
1!
#8950572650
0!
#8951572650
1!
#8952572650
0!
#8953572650
1!
#8954572650
0!
#8955572650
1!
#8956572650
0!
#8957572650
1!
#8958572650
0!
#8959572650
1!
#8960572650
0!
#8961572675
1!
#8962572650
0!
#8963572650
1!
#8964572650
0!
#8965572650
1!
#8966572650
0!
#8967572650
1!
#8968572650
0!
#8969572650
1!
#8970572650
0!
#8971572650
1!
#8972572650
0!
#8973572650
1!
#8974572650
0!
#8975572650
1!
#8976572650
0!
#8977572675
1!
#8978572650
0!
#8979572650
1!
#8980572650
0!
#8981572650
1!
#8982572650
0!
#8983572650
1!
#8984572650
0!
#8985572650
1!
#8986572650
0!
#8987572650
1!
#8988572650
0!
#8989572650
1!
#8990572650
0!
#8991572650
1!
#8992572650
0!
#8993572675
1!
#8994572650
0!
#8995572650
1!
#8996572650
0!
#8997572650
1!
#8998572650
0!
#8999572650
1!
#9000572650
0!
#9001572650
1!
#9002572650
0!
#9003572650
1!
#9004572650
0!
#9005572650
1!
#9006572650
0!
#9007572650
1!
#9008572650
0!
#9009572675
1!
#9010572650
0!
#9011572650
1!
#9012572650
0!
#9013572650
1!
#9014572650
0!
#9015572650
1!
#9016572650
0!
#9017572650
1!
#9018572650
0!
#9019572650
1!
#9020572650
0!
#9021572650
1!
#9022572675
0!
#9023572650
1!
#9024572650
0!
#9025572675
1!
#9026572650
0!
#9027572650
1!
#9028572650
0!
#9029572650
1!
#9030572650
0!
#9031572650
1!
#9032572650
0!
#9033572650
1!
#9034572650
0!
#9035572650
1!
#9036572650
0!
#9037572650
1!
#9038572675
0!
#9039572650
1!
#9040572650
0!
#9041572675
1!
#9042572650
0!
#9043572650
1!
#9044572650
0!
#9045572650
1!
#9046572650
0!
#9047572650
1!
#9048572650
0!
#9049572650
1!
#9050572650
0!
#9051572650
1!
#9052572650
0!
#9053572650
1!
#9054572675
0!
#9055572650
1!
#9056572650
0!
#9057572650
1!
#9058572650
0!
#9059572650
1!
#9060572650
0!
#9061572650
1!
#9062572650
0!
#9063572650
1!
#9064572650
0!
#9065572650
1!
#9066572650
0!
#9067572650
1!
#9068572650
0!
#9069572650
1!
#9070572675
0!
#9071572650
1!
#9072572650
0!
#9073572650
1!
#9074572650
0!
#9075572650
1!
#9076572650
0!
#9077572650
1!
#9078572650
0!
#9079572650
1!
#9080572650
0!
#9081572650
1!
#9082572650
0!
#9083572650
1!
#9084572650
0!
#9085572650
1!
#9086572675
0!
#9087572650
1!
#9088572650
0!
#9089572650
1!
#9090572650
0!
#9091572650
1!
#9092572650
0!
#9093572650
1!
#9094572650
0!
#9095572650
1!
#9096572650
0!
#9097572650
1!
#9098572650
0!
#9099572650
1!
#9100572650
0!
#9101572650
1!
#9102572675
0!
#9103572650
1!
#9104572650
0!
#9105572650
1!
#9106572650
0!
#9107572650
1!
#9108572650
0!
#9109572650
1!
#9110572650
0!
#9111572650
1!
#9112572650
0!
#9113572650
1!
#9114572650
0!
#9115572650
1!
#9116572650
0!
#9117572650
1!
#9118572675
0!
#9119572650
1!
#9120572650
0!
#9121572650
1!
#9122572650
0!
#9123572650
1!
#9124572650
0!
#9125572650
1!
#9126572650
0!
#9127572650
1!
#9128572650
0!
#9129572650
1!
#9130572650
0!
#9131572650
1!
#9132572650
0!
#9133572650
1!
#9134572675
0!
#9135572650
1!
#9136572650
0!
#9137572650
1!
#9138572650
0!
#9139572650
1!
#9140572650
0!
#9141572650
1!
#9142572650
0!
#9143572650
1!
#9144572650
0!
#9145572650
1!
#9146572650
0!
#9147572675
1!
#9148572650
0!
#9149572650
1!
#9150572675
0!
#9151572650
1!
#9152572650
0!
#9153572650
1!
#9154572650
0!
#9155572650
1!
#9156572650
0!
#9157572650
1!
#9158572650
0!
#9159572650
1!
#9160572650
0!
#9161572650
1!
#9162572650
0!
#9163572675
1!
#9164572650
0!
#9165572650
1!
#9166572675
0!
#9167572650
1!
#9168572650
0!
#9169572650
1!
#9170572650
0!
#9171572650
1!
#9172572650
0!
#9173572650
1!
#9174572650
0!
#9175572650
1!
#9176572650
0!
#9177572650
1!
#9178572650
0!
#9179572675
1!
#9180572650
0!
#9181572650
1!
#9182572650
0!
#9183572650
1!
#9184572650
0!
#9185572650
1!
#9186572650
0!
#9187572650
1!
#9188572650
0!
#9189572650
1!
#9190572650
0!
#9191572650
1!
#9192572650
0!
#9193572650
1!
#9194572650
0!
#9195572675
1!
#9196572650
0!
#9197572650
1!
#9198572650
0!
#9199572650
1!
#9200572650
0!
#9201572650
1!
#9202572650
0!
#9203572650
1!
#9204572650
0!
#9205572650
1!
#9206572650
0!
#9207572650
1!
#9208572650
0!
#9209572650
1!
#9210572650
0!
#9211572675
1!
#9212572650
0!
#9213572650
1!
#9214572650
0!
#9215572650
1!
#9216572650
0!
#9217572650
1!
#9218572650
0!
#9219572650
1!
#9220572650
0!
#9221572650
1!
#9222572650
0!
#9223572650
1!
#9224572650
0!
#9225572650
1!
#9226572650
0!
#9227572675
1!
#9228572650
0!
#9229572650
1!
#9230572650
0!
#9231572650
1!
#9232572650
0!
#9233572650
1!
#9234572650
0!
#9235572650
1!
#9236572650
0!
#9237572650
1!
#9238572650
0!
#9239572650
1!
#9240572650
0!
#9241572650
1!
#9242572650
0!
#9243572675
1!
#9244572650
0!
#9245572650
1!
#9246572650
0!
#9247572650
1!
#9248572650
0!
#9249572650
1!
#9250572650
0!
#9251572650
1!
#9252572650
0!
#9253572650
1!
#9254572650
0!
#9255572650
1!
#9256572650
0!
#9257572650
1!
#9258572650
0!
#9259572675
1!
#9260572650
0!
#9261572650
1!
#9262572650
0!
#9263572650
1!
#9264572650
0!
#9265572650
1!
#9266572650
0!
#9267572650
1!
#9268572650
0!
#9269572650
1!
#9270572650
0!
#9271572650
1!
#9272572675
0!
#9273572650
1!
#9274572650
0!
#9275572675
1!
#9276572650
0!
#9277572650
1!
#9278572650
0!
#9279572650
1!
#9280572650
0!
#9281572650
1!
#9282572650
0!
#9283572650
1!
#9284572650
0!
#9285572650
1!
#9286572650
0!
#9287572650
1!
#9288572675
0!
#9289572650
1!
#9290572650
0!
#9291572675
1!
#9292572650
0!
#9293572650
1!
#9294572650
0!
#9295572650
1!
#9296572650
0!
#9297572650
1!
#9298572650
0!
#9299572650
1!
#9300572650
0!
#9301572650
1!
#9302572650
0!
#9303572650
1!
#9304572675
0!
#9305572650
1!
#9306572650
0!
#9307572650
1!
#9308572650
0!
#9309572650
1!
#9310572650
0!
#9311572650
1!
#9312572650
0!
#9313572650
1!
#9314572650
0!
#9315572650
1!
#9316572650
0!
#9317572650
1!
#9318572650
0!
#9319572650
1!
#9320572675
0!
#9321572650
1!
#9322572650
0!
#9323572650
1!
#9324572650
0!
#9325572650
1!
#9326572650
0!
#9327572650
1!
#9328572650
0!
#9329572650
1!
#9330572650
0!
#9331572650
1!
#9332572650
0!
#9333572650
1!
#9334572650
0!
#9335572650
1!
#9336572675
0!
#9337572650
1!
#9338572650
0!
#9339572650
1!
#9340572650
0!
#9341572650
1!
#9342572650
0!
#9343572650
1!
#9344572650
0!
#9345572650
1!
#9346572650
0!
#9347572650
1!
#9348572650
0!
#9349572650
1!
#9350572650
0!
#9351572650
1!
#9352572675
0!
#9353572650
1!
#9354572650
0!
#9355572650
1!
#9356572650
0!
#9357572650
1!
#9358572650
0!
#9359572650
1!
#9360572650
0!
#9361572650
1!
#9362572650
0!
#9363572650
1!
#9364572650
0!
#9365572650
1!
#9366572650
0!
#9367572650
1!
#9368572675
0!
#9369572650
1!
#9370572650
0!
#9371572650
1!
#9372572650
0!
#9373572650
1!
#9374572650
0!
#9375572650
1!
#9376572650
0!
#9377572650
1!
#9378572650
0!
#9379572650
1!
#9380572650
0!
#9381572650
1!
#9382572650
0!
#9383572650
1!
#9384572675
0!
#9385572650
1!
#9386572650
0!
#9387572650
1!
#9388572650
0!
#9389572650
1!
#9390572650
0!
#9391572650
1!
#9392572650
0!
#9393572650
1!
#9394572650
0!
#9395572650
1!
#9396572650
0!
#9397572675
1!
#9398572650
0!
#9399572650
1!
#9400572675
0!
#9401572650
1!
#9402572650
0!
#9403572650
1!
#9404572650
0!
#9405572650
1!
#9406572650
0!
#9407572650
1!
#9408572650
0!
#9409572650
1!
#9410572650
0!
#9411572650
1!
#9412572650
0!
#9413572675
1!
#9414572650
0!
#9415572650
1!
#9416572675
0!
#9417572650
1!
#9418572650
0!
#9419572650
1!
#9420572650
0!
#9421572650
1!
#9422572650
0!
#9423572650
1!
#9424572650
0!
#9425572650
1!
#9426572650
0!
#9427572650
1!
#9428572650
0!
#9429572675
1!
#9430572650
0!
#9431572650
1!
#9432572650
0!
#9433572650
1!
#9434572650
0!
#9435572650
1!
#9436572650
0!
#9437572650
1!
#9438572650
0!
#9439572650
1!
#9440572650
0!
#9441572650
1!
#9442572650
0!
#9443572650
1!
#9444572650
0!
#9445572675
1!
#9446572650
0!
#9447572650
1!
#9448572650
0!
#9449572650
1!
#9450572650
0!
#9451572650
1!
#9452572650
0!
#9453572650
1!
#9454572650
0!
#9455572650
1!
#9456572650
0!
#9457572650
1!
#9458572650
0!
#9459572650
1!
#9460572650
0!
#9461572675
1!
#9462572650
0!
#9463572650
1!
#9464572650
0!
#9465572650
1!
#9466572650
0!
#9467572650
1!
#9468572650
0!
#9469572650
1!
#9470572650
0!
#9471572650
1!
#9472572650
0!
#9473572650
1!
#9474572650
0!
#9475572650
1!
#9476572650
0!
#9477572675
1!
#9478572650
0!
#9479572650
1!
#9480572650
0!
#9481572650
1!
#9482572650
0!
#9483572650
1!
#9484572650
0!
#9485572650
1!
#9486572650
0!
#9487572650
1!
#9488572650
0!
#9489572650
1!
#9490572650
0!
#9491572650
1!
#9492572650
0!
#9493572675
1!
#9494572650
0!
#9495572650
1!
#9496572650
0!
#9497572650
1!
#9498572650
0!
#9499572650
1!
#9500572650
0!
#9501572650
1!
#9502572650
0!
#9503572650
1!
#9504572650
0!
#9505572650
1!
#9506572650
0!
#9507572650
1!
#9508572650
0!
#9509572675
1!
#9510572650
0!
#9511572650
1!
#9512572650
0!
#9513572650
1!
#9514572650
0!
#9515572650
1!
#9516572650
0!
#9517572650
1!
#9518572650
0!
#9519572650
1!
#9520572650
0!
#9521572650
1!
#9522572675
0!
#9523572650
1!
#9524572650
0!
#9525572675
1!
#9526572650
0!
#9527572650
1!
#9528572650
0!
#9529572650
1!
#9530572650
0!
#9531572650
1!
#9532572650
0!
#9533572650
1!
#9534572650
0!
#9535572650
1!
#9536572650
0!
#9537572650
1!
#9538572675
0!
#9539572650
1!
#9540572650
0!
#9541572675
1!
#9542572650
0!
#9543572650
1!
#9544572650
0!
#9545572650
1!
#9546572650
0!
#9547572650
1!
#9548572650
0!
#9549572650
1!
#9550572650
0!
#9551572650
1!
#9552572650
0!
#9553572650
1!
#9554572675
0!
#9555572650
1!
#9556572650
0!
#9557572650
1!
#9558572650
0!
#9559572650
1!
#9560572650
0!
#9561572650
1!
#9562572650
0!
#9563572650
1!
#9564572650
0!
#9565572650
1!
#9566572650
0!
#9567572650
1!
#9568572650
0!
#9569572650
1!
#9570572675
0!
#9571572650
1!
#9572572650
0!
#9573572650
1!
#9574572650
0!
#9575572650
1!
#9576572650
0!
#9577572650
1!
#9578572650
0!
#9579572650
1!
#9580572650
0!
#9581572650
1!
#9582572650
0!
#9583572650
1!
#9584572650
0!
#9585572650
1!
#9586572675
0!
#9587572650
1!
#9588572650
0!
#9589572650
1!
#9590572650
0!
#9591572650
1!
#9592572650
0!
#9593572650
1!
#9594572650
0!
#9595572650
1!
#9596572650
0!
#9597572650
1!
#9598572650
0!
#9599572650
1!
#9600572650
0!
#9601572650
1!
#9602572675
0!
#9603572650
1!
#9604572650
0!
#9605572650
1!
#9606572650
0!
#9607572650
1!
#9608572650
0!
#9609572650
1!
#9610572650
0!
#9611572650
1!
#9612572650
0!
#9613572650
1!
#9614572650
0!
#9615572650
1!
#9616572650
0!
#9617572650
1!
#9618572675
0!
#9619572650
1!
#9620572650
0!
#9621572650
1!
#9622572650
0!
#9623572650
1!
#9624572650
0!
#9625572650
1!
#9626572650
0!
#9627572650
1!
#9628572650
0!
#9629572650
1!
#9630572650
0!
#9631572650
1!
#9632572650
0!
#9633572650
1!
#9634572675
0!
#9635572650
1!
#9636572650
0!
#9637572650
1!
#9638572650
0!
#9639572650
1!
#9640572650
0!
#9641572650
1!
#9642572650
0!
#9643572650
1!
#9644572650
0!
#9645572650
1!
#9646572650
0!
#9647572675
1!
#9648572650
0!
#9649572650
1!
#9650572675
0!
#9651572650
1!
#9652572650
0!
#9653572650
1!
#9654572650
0!
#9655572650
1!
#9656572650
0!
#9657572650
1!
#9658572650
0!
#9659572650
1!
#9660572650
0!
#9661572650
1!
#9662572650
0!
#9663572675
1!
#9664572650
0!
#9665572650
1!
#9666572675
0!
#9667572650
1!
#9668572650
0!
#9669572650
1!
#9670572650
0!
#9671572650
1!
#9672572650
0!
#9673572650
1!
#9674572650
0!
#9675572650
1!
#9676572650
0!
#9677572650
1!
#9678572650
0!
#9679572675
1!
#9680572650
0!
#9681572650
1!
#9682572650
0!
#9683572650
1!
#9684572650
0!
#9685572650
1!
#9686572650
0!
#9687572650
1!
#9688572650
0!
#9689572650
1!
#9690572650
0!
#9691572650
1!
#9692572650
0!
#9693572650
1!
#9694572650
0!
#9695572675
1!
#9696572650
0!
#9697572650
1!
#9698572650
0!
#9699572650
1!
#9700572650
0!
#9701572650
1!
#9702572650
0!
#9703572650
1!
#9704572650
0!
#9705572650
1!
#9706572650
0!
#9707572650
1!
#9708572650
0!
#9709572650
1!
#9710572650
0!
#9711572675
1!
#9712572650
0!
#9713572650
1!
#9714572650
0!
#9715572650
1!
#9716572650
0!
#9717572650
1!
#9718572650
0!
#9719572650
1!
#9720572650
0!
#9721572650
1!
#9722572650
0!
#9723572650
1!
#9724572650
0!
#9725572650
1!
#9726572650
0!
#9727572675
1!
#9728572650
0!
#9729572650
1!
#9730572650
0!
#9731572650
1!
#9732572650
0!
#9733572650
1!
#9734572650
0!
#9735572650
1!
#9736572650
0!
#9737572650
1!
#9738572650
0!
#9739572650
1!
#9740572650
0!
#9741572650
1!
#9742572650
0!
#9743572675
1!
#9744572650
0!
#9745572650
1!
#9746572650
0!
#9747572650
1!
#9748572650
0!
#9749572650
1!
#9750572650
0!
#9751572650
1!
#9752572650
0!
#9753572650
1!
#9754572650
0!
#9755572650
1!
#9756572650
0!
#9757572650
1!
#9758572650
0!
#9759572675
1!
#9760572650
0!
#9761572650
1!
#9762572650
0!
#9763572650
1!
#9764572650
0!
#9765572650
1!
#9766572650
0!
#9767572650
1!
#9768572650
0!
#9769572650
1!
#9770572650
0!
#9771572650
1!
#9772572650
0!
#9773572650
1!
#9774572650
0!
#9775572675
1!
#9776572650
0!
#9777572650
1!
#9778572650
0!
#9779572650
1!
#9780572650
0!
#9781572650
1!
#9782572650
0!
#9783572650
1!
#9784572650
0!
#9785572650
1!
#9786572650
0!
#9787572650
1!
#9788572650
0!
#9789572650
1!
#9790572650
0!
#9791572675
1!
#9792572650
0!
#9793572650
1!
#9794572650
0!
#9795572650
1!
#9796572650
0!
#9797572650
1!
#9798572650
0!
#9799572650
1!
#9800572650
0!
#9801572650
1!
#9802572650
0!
#9803572650
1!
#9804572650
0!
#9805572650
1!
#9806572650
0!
#9807572650
1!
#9808572650
0!
#9809572650
1!
#9810572650
0!
#9811572650
1!
#9812572650
0!
#9813572650
1!
#9814572650
0!
#9815572650
1!
#9816572650
0!
#9817572650
1!
#9818572650
0!
#9819572650
1!
#9820572650
0!
#9821572650
1!
#9822572650
0!
#9823572650
1!
#9824572650
0!
#9825572650
1!
#9826572650
0!
#9827572650
1!
#9828572650
0!
#9829572650
1!
#9830572650
0!
#9831572650
1!
#9832572650
0!
#9833572650
1!
#9834572650
0!
#9835572650
1!
#9836572650
0!
#9837572650
1!
#9838572650
0!
#9839572650
1!
#9840572650
0!
#9841572650
1!
#9842572650
0!
#9843572650
1!
#9844572650
0!
#9845572650
1!
#9846572650
0!
#9847572650
1!
#9848572650
0!
#9849572650
1!
#9850572650
0!
#9851572650
1!
#9852572650
0!
#9853572650
1!
#9854572650
0!
#9855572650
1!
#9856572650
0!
#9857572650
1!
#9858572650
0!
#9859572650
1!
#9860572650
0!
#9861572650
1!
#9862572650
0!
#9863572650
1!
#9864572650
0!
#9865572650
1!
#9866572650
0!
#9867572650
1!
#9868572650
0!
#9869572650
1!
#9870572650
0!
#9871572650
1!
#9872572650
0!
#9873572650
1!
#9874572650
0!
#9875572650
1!
#9876572650
0!
#9877572650
1!
#9878572650
0!
#9879572650
1!
#9880572650
0!
#9881572650
1!
#9882572650
0!
#9883572650
1!
#9884572650
0!
#9885572650
1!
#9886572650
0!
#9887572650
1!
#9888572650
0!
#9889572650
1!
#9890572650
0!
#9891572650
1!
#9892572650
0!
#9893572650
1!
#9894572650
0!
#9895572650
1!
#9896572650
0!
#9897572675
1!
#9898572650
0!
#9899572650
1!
#9900572650
0!
#9901572650
1!
#9902572650
0!
#9903572650
1!
#9904572650
0!
#9905572650
1!
#9906572650
0!
#9907572650
1!
#9908572650
0!
#9909572650
1!
#9910572650
0!
#9911572650
1!
#9912572650
0!
#9913572675
1!
#9914572650
0!
#9915572650
1!
#9916572650
0!
#9917572650
1!
#9918572650
0!
#9919572650
1!
#9920572650
0!
#9921572650
1!
#9922572650
0!
#9923572650
1!
#9924572650
0!
#9925572650
1!
#9926572650
0!
#9927572650
1!
#9928572650
0!
#9929572675
1!
#9930572650
0!
#9931572650
1!
#9932572650
0!
#9933572650
1!
#9934572650
0!
#9935572650
1!
#9936572650
0!
#9937572650
1!
#9938572650
0!
#9939572650
1!
#9940572650
0!
#9941572650
1!
#9942572650
0!
#9943572650
1!
#9944572650
0!
#9945572675
1!
#9946572650
0!
#9947572650
1!
#9948572650
0!
#9949572650
1!
#9950572650
0!
#9951572650
1!
#9952572650
0!
#9953572650
1!
#9954572650
0!
#9955572650
1!
#9956572650
0!
#9957572650
1!
#9958572650
0!
#9959572650
1!
#9960572650
0!
#9961572675
1!
#9962572650
0!
#9963572650
1!
#9964572650
0!
#9965572650
1!
#9966572650
0!
#9967572650
1!
#9968572650
0!
#9969572650
1!
#9970572650
0!
#9971572650
1!
#9972572650
0!
#9973572650
1!
#9974572650
0!
#9975572650
1!
#9976572650
0!
#9977572675
1!
#9978572650
0!
#9979572650
1!
#9980572650
0!
#9981572650
1!
#9982572650
0!
#9983572650
1!
#9984572650
0!
#9985572650
1!
#9986572650
0!
#9987572650
1!
#9988572650
0!
#9989572650
1!
#9990572650
0!
#9991572650
1!
#9992572650
0!
#9993572675
1!
#9994572650
0!
#9995572650
1!
#9996572650
0!
#9997572650
1!
#9998572650
0!
#9999572650
1!
#10000572650
0!
#10001572650
1!
#10002572650
0!
#10003572650
1!
#10004572650
0!
#10005572650
1!
#10006572650
0!
#10007572650
1!
#10008572650
0!
#10009572675
1!
#10010572650
0!
#10011572650
1!
#10012572650
0!
#10013572650
1!
#10014572650
0!
#10015572650
1!
#10016572650
0!
#10017572650
1!
#10018572650
0!
#10019572650
1!
#10020572650
0!
#10021572650
1!
#10022572675
0!
#10023572650
1!
#10024572650
0!
#10025572675
1!
#10026572650
0!
#10027572650
1!
#10028572650
0!
#10029572650
1!
#10030572650
0!
#10031572650
1!
#10032572650
0!
#10033572650
1!
#10034572650
0!
#10035572650
1!
#10036572650
0!
#10037572650
1!
#10038572675
0!
#10039572650
1!
#10040572650
0!
#10041572650
1!
#10042572650
0!
#10043572650
1!
#10044572650
0!
#10045572650
1!
#10046572650
0!
#10047572650
1!
#10048572650
0!
#10049572650
1!
#10050572650
0!
#10051572650
1!
#10052572650
0!
#10053572650
1!
#10054572675
0!
#10055572650
1!
#10056572650
0!
#10057572650
1!
#10058572650
0!
#10059572650
1!
#10060572650
0!
#10061572650
1!
#10062572650
0!
#10063572650
1!
#10064572650
0!
#10065572650
1!
#10066572650
0!
#10067572650
1!
#10068572650
0!
#10069572650
1!
#10070572675
0!
#10071572650
1!
#10072572650
0!
#10073572650
1!
#10074572650
0!
#10075572650
1!
#10076572650
0!
#10077572650
1!
#10078572650
0!
#10079572650
1!
#10080572650
0!
#10081572650
1!
#10082572650
0!
#10083572650
1!
#10084572650
0!
#10085572650
1!
#10086572650
0!
#10087572650
1!
#10088572650
0!
#10089572650
1!
#10090572650
0!
#10091572650
1!
#10092572650
0!
#10093572650
1!
#10094572650
0!
#10095572650
1!
#10096572650
0!
#10097572650
1!
#10098572650
0!
#10099572650
1!
#10100572650
0!
#10101572650
1!
#10102572675
0!
#10103572650
1!
#10104572650
0!
#10105572650
1!
#10106572650
0!
#10107572650
1!
#10108572650
0!
#10109572650
1!
#10110572650
0!
#10111572650
1!
#10112572650
0!
#10113572650
1!
#10114572650
0!
#10115572650
1!
#10116572650
0!
#10117572650
1!
#10118572675
0!
#10119572650
1!
#10120572650
0!
#10121572650
1!
#10122572650
0!
#10123572650
1!
#10124572650
0!
#10125572650
1!
#10126572650
0!
#10127572650
1!
#10128572650
0!
#10129572650
1!
#10130572650
0!
#10131572650
1!
#10132572650
0!
#10133572650
1!
#10134572675
0!
#10135572650
1!
#10136572650
0!
#10137572650
1!
#10138572650
0!
#10139572650
1!
#10140572650
0!
#10141572650
1!
#10142572650
0!
#10143572650
1!
#10144572650
0!
#10145572650
1!
#10146572650
0!
#10147572675
1!
#10148572650
0!
#10149572650
1!
#10150572675
0!
#10151572650
1!
#10152572650
0!
#10153572650
1!
#10154572650
0!
#10155572650
1!
#10156572650
0!
#10157572650
1!
#10158572650
0!
#10159572650
1!
#10160572650
0!
#10161572650
1!
#10162572650
0!
#10163572675
1!
#10164572650
0!
#10165572650
1!
#10166572675
0!
#10167572650
1!
#10168572650
0!
#10169572650
1!
#10170572650
0!
#10171572650
1!
#10172572650
0!
#10173572650
1!
#10174572650
0!
#10175572650
1!
#10176572650
0!
#10177572650
1!
#10178572650
0!
#10179572675
1!
#10180572650
0!
#10181572650
1!
#10182572650
0!
#10183572650
1!
#10184572650
0!
#10185572650
1!
#10186572650
0!
#10187572650
1!
#10188572650
0!
#10189572650
1!
#10190572650
0!
#10191572650
1!
#10192572650
0!
#10193572650
1!
#10194572650
0!
#10195572675
1!
#10196572650
0!
#10197572650
1!
#10198572650
0!
#10199572650
1!
#10200572650
0!
#10201572650
1!
#10202572650
0!
#10203572650
1!
#10204572650
0!
#10205572650
1!
#10206572650
0!
#10207572650
1!
#10208572650
0!
#10209572650
1!
#10210572650
0!
#10211572675
1!
#10212572650
0!
#10213572650
1!
#10214572650
0!
#10215572650
1!
#10216572650
0!
#10217572650
1!
#10218572650
0!
#10219572650
1!
#10220572650
0!
#10221572650
1!
#10222572650
0!
#10223572650
1!
#10224572650
0!
#10225572650
1!
#10226572650
0!
#10227572675
1!
#10228572650
0!
#10229572650
1!
#10230572650
0!
#10231572650
1!
#10232572650
0!
#10233572650
1!
#10234572650
0!
#10235572650
1!
#10236572650
0!
#10237572650
1!
#10238572650
0!
#10239572650
1!
#10240572650
0!
#10241572650
1!
#10242572650
0!
#10243572675
1!
#10244572650
0!
#10245572650
1!
#10246572650
0!
#10247572650
1!
#10248572650
0!
#10249572650
1!
#10250572650
0!
#10251572650
1!
#10252572650
0!
#10253572650
1!
#10254572650
0!
#10255572650
1!
#10256572650
0!
#10257572650
1!
#10258572650
0!
#10259572675
1!
#10260572650
0!
#10261572650
1!
#10262572650
0!
#10263572650
1!
#10264572650
0!
#10265572650
1!
#10266572650
0!
#10267572650
1!
#10268572650
0!
#10269572650
1!
#10270572650
0!
#10271572650
1!
#10272572675
0!
#10273572650
1!
#10274572650
0!
#10275572675
1!
#10276572650
0!
#10277572650
1!
#10278572650
0!
#10279572650
1!
#10280572650
0!
#10281572650
1!
#10282572650
0!
#10283572650
1!
#10284572650
0!
#10285572650
1!
#10286572650
0!
#10287572650
1!
#10288572675
0!
#10289572650
1!
#10290572650
0!
#10291572675
1!
#10292572650
0!
#10293572650
1!
#10294572650
0!
#10295572650
1!
#10296572650
0!
#10297572650
1!
#10298572650
0!
#10299572650
1!
#10300572650
0!
#10301572650
1!
#10302572650
0!
#10303572650
1!
#10304572675
0!
#10305572650
1!
#10306572650
0!
#10307572650
1!
#10308572650
0!
#10309572650
1!
#10310572650
0!
#10311572650
1!
#10312572650
0!
#10313572650
1!
#10314572650
0!
#10315572650
1!
#10316572650
0!
#10317572650
1!
#10318572650
0!
#10319572650
1!
#10320572675
0!
#10321572650
1!
#10322572650
0!
#10323572650
1!
#10324572650
0!
#10325572650
1!
#10326572650
0!
#10327572650
1!
#10328572650
0!
#10329572650
1!
#10330572650
0!
#10331572650
1!
#10332572650
0!
#10333572650
1!
#10334572650
0!
#10335572650
1!
#10336572675
0!
#10337572650
1!
#10338572650
0!
#10339572650
1!
#10340572650
0!
#10341572650
1!
#10342572650
0!
#10343572650
1!
#10344572650
0!
#10345572650
1!
#10346572650
0!
#10347572650
1!
#10348572650
0!
#10349572650
1!
#10350572650
0!
#10351572650
1!
#10352572675
0!
#10353572650
1!
#10354572650
0!
#10355572650
1!
#10356572650
0!
#10357572650
1!
#10358572650
0!
#10359572650
1!
#10360572650
0!
#10361572650
1!
#10362572650
0!
#10363572650
1!
#10364572650
0!
#10365572650
1!
#10366572650
0!
#10367572650
1!
#10368572675
0!
#10369572650
1!
#10370572650
0!
#10371572650
1!
#10372572650
0!
#10373572650
1!
#10374572650
0!
#10375572650
1!
#10376572650
0!
#10377572650
1!
#10378572650
0!
#10379572650
1!
#10380572650
0!
#10381572650
1!
#10382572650
0!
#10383572650
1!
#10384572675
0!
#10385572650
1!
#10386572650
0!
#10387572650
1!
#10388572650
0!
#10389572650
1!
#10390572650
0!
#10391572650
1!
#10392572650
0!
#10393572650
1!
#10394572650
0!
#10395572650
1!
#10396572650
0!
#10397572675
1!
#10398572650
0!
#10399572650
1!
#10400572675
0!
#10401572650
1!
#10402572650
0!
#10403572650
1!
#10404572650
0!
#10405572650
1!
#10406572650
0!
#10407572650
1!
#10408572650
0!
#10409572650
1!
#10410572650
0!
#10411572650
1!
#10412572650
0!
#10413572675
1!
#10414572650
0!
#10415572650
1!
#10416572675
0!
#10417572650
1!
#10418572650
0!
#10419572650
1!
#10420572650
0!
#10421572650
1!
#10422572650
0!
#10423572650
1!
#10424572650
0!
#10425572650
1!
#10426572650
0!
#10427572650
1!
#10428572650
0!
#10429572650
1!
#10430572650
0!
#10431572650
1!
#10432572650
0!
#10433572650
1!
#10434572650
0!
#10435572650
1!
#10436572650
0!
#10437572650
1!
#10438572650
0!
#10439572650
1!
#10440572650
0!
#10441572650
1!
#10442572650
0!
#10443572650
1!
#10444572650
0!
#10445572675
1!
#10446572650
0!
#10447572650
1!
#10448572650
0!
#10449572650
1!
#10450572650
0!
#10451572650
1!
#10452572650
0!
#10453572650
1!
#10454572650
0!
#10455572650
1!
#10456572650
0!
#10457572650
1!
#10458572650
0!
#10459572650
1!
#10460572650
0!
#10461572675
1!
#10462572650
0!
#10463572650
1!
#10464572650
0!
#10465572650
1!
#10466572650
0!
#10467572650
1!
#10468572650
0!
#10469572650
1!
#10470572650
0!
#10471572650
1!
#10472572650
0!
#10473572650
1!
#10474572650
0!
#10475572650
1!
#10476572650
0!
#10477572675
1!
#10478572650
0!
#10479572650
1!
#10480572650
0!
#10481572650
1!
#10482572650
0!
#10483572650
1!
#10484572650
0!
#10485572650
1!
#10486572650
0!
#10487572650
1!
#10488572650
0!
#10489572650
1!
#10490572650
0!
#10491572650
1!
#10492572650
0!
#10493572675
1!
#10494572650
0!
#10495572650
1!
#10496572650
0!
#10497572650
1!
#10498572650
0!
#10499572650
1!
#10500572650
0!
#10501572650
1!
#10502572650
0!
#10503572650
1!
#10504572650
0!
#10505572650
1!
#10506572650
0!
#10507572650
1!
#10508572650
0!
#10509572675
1!
#10510572650
0!
#10511572650
1!
#10512572650
0!
#10513572650
1!
#10514572650
0!
#10515572650
1!
#10516572650
0!
#10517572650
1!
#10518572650
0!
#10519572650
1!
#10520572650
0!
#10521572650
1!
#10522572675
0!
#10523572650
1!
#10524572650
0!
#10525572675
1!
#10526572650
0!
#10527572650
1!
#10528572650
0!
#10529572650
1!
#10530572650
0!
#10531572650
1!
#10532572650
0!
#10533572650
1!
#10534572650
0!
#10535572650
1!
#10536572650
0!
#10537572650
1!
#10538572675
0!
#10539572650
1!
#10540572650
0!
#10541572675
1!
#10542572650
0!
#10543572650
1!
#10544572650
0!
#10545572650
1!
#10546572650
0!
#10547572650
1!
#10548572650
0!
#10549572650
1!
#10550572650
0!
#10551572650
1!
#10552572650
0!
#10553572650
1!
#10554572675
0!
#10555572650
1!
#10556572650
0!
#10557572650
1!
#10558572650
0!
#10559572650
1!
#10560572650
0!
#10561572650
1!
#10562572650
0!
#10563572650
1!
#10564572650
0!
#10565572650
1!
#10566572650
0!
#10567572650
1!
#10568572650
0!
#10569572650
1!
#10570572675
0!
#10571572650
1!
#10572572650
0!
#10573572650
1!
#10574572650
0!
#10575572650
1!
#10576572650
0!
#10577572650
1!
#10578572650
0!
#10579572650
1!
#10580572650
0!
#10581572650
1!
#10582572650
0!
#10583572650
1!
#10584572650
0!
#10585572650
1!
#10586572675
0!
#10587572650
1!
#10588572650
0!
#10589572650
1!
#10590572650
0!
#10591572650
1!
#10592572650
0!
#10593572650
1!
#10594572650
0!
#10595572650
1!
#10596572650
0!
#10597572650
1!
#10598572650
0!
#10599572650
1!
#10600572650
0!
#10601572650
1!
#10602572675
0!
#10603572650
1!
#10604572650
0!
#10605572650
1!
#10606572650
0!
#10607572650
1!
#10608572650
0!
#10609572650
1!
#10610572650
0!
#10611572650
1!
#10612572650
0!
#10613572650
1!
#10614572650
0!
#10615572650
1!
#10616572650
0!
#10617572650
1!
#10618572675
0!
#10619572650
1!
#10620572650
0!
#10621572650
1!
#10622572650
0!
#10623572650
1!
#10624572650
0!
#10625572650
1!
#10626572650
0!
#10627572650
1!
#10628572650
0!
#10629572650
1!
#10630572650
0!
#10631572650
1!
#10632572650
0!
#10633572650
1!
#10634572675
0!
#10635572650
1!
#10636572650
0!
#10637572650
1!
#10638572650
0!
#10639572650
1!
#10640572650
0!
#10641572650
1!
#10642572650
0!
#10643572650
1!
#10644572650
0!
#10645572650
1!
#10646572650
0!
#10647572675
1!
#10648572650
0!
#10649572650
1!
#10650572675
0!
#10651572650
1!
#10652572650
0!
#10653572650
1!
#10654572650
0!
#10655572650
1!
#10656572650
0!
#10657572650
1!
#10658572650
0!
#10659572650
1!
#10660572650
0!
#10661572650
1!
#10662572650
0!
#10663572675
1!
#10664572650
0!
#10665572650
1!
#10666572675
0!
#10667572650
1!
#10668572650
0!
#10669572650
1!
#10670572650
0!
#10671572650
1!
#10672572650
0!
#10673572650
1!
#10674572650
0!
#10675572650
1!
#10676572650
0!
#10677572650
1!
#10678572650
0!
#10679572675
1!
#10680572650
0!
#10681572650
1!
#10682572650
0!
#10683572650
1!
#10684572650
0!
#10685572650
1!
#10686572650
0!
#10687572650
1!
#10688572650
0!
#10689572650
1!
#10690572650
0!
#10691572650
1!
#10692572650
0!
#10693572650
1!
#10694572650
0!
#10695572675
1!
#10696572650
0!
#10697572650
1!
#10698572650
0!
#10699572650
1!
#10700572650
0!
#10701572650
1!
#10702572650
0!
#10703572650
1!
#10704572650
0!
#10705572650
1!
#10706572650
0!
#10707572650
1!
#10708572650
0!
#10709572650
1!
#10710572650
0!
#10711572675
1!
#10712572650
0!
#10713572650
1!
#10714572650
0!
#10715572650
1!
#10716572650
0!
#10717572650
1!
#10718572650
0!
#10719572650
1!
#10720572650
0!
#10721572650
1!
#10722572650
0!
#10723572650
1!
#10724572650
0!
#10725572650
1!
#10726572650
0!
#10727572675
1!
#10728572650
0!
#10729572650
1!
#10730572650
0!
#10731572650
1!
#10732572650
0!
#10733572650
1!
#10734572650
0!
#10735572650
1!
#10736572650
0!
#10737572650
1!
#10738572650
0!
#10739572650
1!
#10740572650
0!
#10741572650
1!
#10742572650
0!
#10743572675
1!
#10744572650
0!
#10745572650
1!
#10746572650
0!
#10747572650
1!
#10748572650
0!
#10749572650
1!
#10750572650
0!
#10751572650
1!
#10752572650
0!
#10753572650
1!
#10754572650
0!
#10755572650
1!
#10756572650
0!
#10757572650
1!
#10758572650
0!
#10759572675
1!
#10760572650
0!
#10761572650
1!
#10762572650
0!
#10763572650
1!
#10764572650
0!
#10765572650
1!
#10766572650
0!
#10767572650
1!
#10768572650
0!
#10769572650
1!
#10770572650
0!
#10771572650
1!
#10772572675
0!
#10773572650
1!
#10774572650
0!
#10775572675
1!
#10776572650
0!
#10777572650
1!
#10778572650
0!
#10779572650
1!
#10780572650
0!
#10781572650
1!
#10782572650
0!
#10783572650
1!
#10784572650
0!
#10785572650
1!
#10786572650
0!
#10787572650
1!
#10788572675
0!
#10789572650
1!
#10790572650
0!
#10791572675
1!
#10792572650
0!
#10793572650
1!
#10794572650
0!
#10795572650
1!
#10796572650
0!
#10797572650
1!
#10798572650
0!
#10799572650
1!
#10800572650
0!
#10801572650
1!
#10802572650
0!
#10803572650
1!
#10804572675
0!
#10805572650
1!
#10806572650
0!
#10807572650
1!
#10808572650
0!
#10809572650
1!
#10810572650
0!
#10811572650
1!
#10812572650
0!
#10813572650
1!
#10814572650
0!
#10815572650
1!
#10816572650
0!
#10817572650
1!
#10818572650
0!
#10819572650
1!
#10820572675
0!
#10821572650
1!
#10822572650
0!
#10823572650
1!
#10824572650
0!
#10825572650
1!
#10826572650
0!
#10827572650
1!
#10828572650
0!
#10829572650
1!
#10830572650
0!
#10831572650
1!
#10832572650
0!
#10833572650
1!
#10834572650
0!
#10835572650
1!
#10836572675
0!
#10837572650
1!
#10838572650
0!
#10839572650
1!
#10840572650
0!
#10841572650
1!
#10842572650
0!
#10843572650
1!
#10844572650
0!
#10845572650
1!
#10846572650
0!
#10847572650
1!
#10848572650
0!
#10849572650
1!
#10850572650
0!
#10851572650
1!
#10852572675
0!
#10853572650
1!
#10854572650
0!
#10855572650
1!
#10856572650
0!
#10857572650
1!
#10858572650
0!
#10859572650
1!
#10860572650
0!
#10861572650
1!
#10862572650
0!
#10863572650
1!
#10864572650
0!
#10865572650
1!
#10866572650
0!
#10867572650
1!
#10868572675
0!
#10869572650
1!
#10870572650
0!
#10871572650
1!
#10872572650
0!
#10873572650
1!
#10874572650
0!
#10875572650
1!
#10876572650
0!
#10877572650
1!
#10878572650
0!
#10879572650
1!
#10880572650
0!
#10881572650
1!
#10882572650
0!
#10883572650
1!
#10884572675
0!
#10885572650
1!
#10886572650
0!
#10887572650
1!
#10888572650
0!
#10889572650
1!
#10890572650
0!
#10891572650
1!
#10892572650
0!
#10893572650
1!
#10894572650
0!
#10895572650
1!
#10896572650
0!
#10897572675
1!
#10898572650
0!
#10899572650
1!
#10900572675
0!
#10901572650
1!
#10902572650
0!
#10903572650
1!
#10904572650
0!
#10905572650
1!
#10906572650
0!
#10907572650
1!
#10908572650
0!
#10909572650
1!
#10910572650
0!
#10911572650
1!
#10912572650
0!
#10913572675
1!
#10914572650
0!
#10915572650
1!
#10916572675
0!
#10917572650
1!
#10918572650
0!
#10919572650
1!
#10920572650
0!
#10921572650
1!
#10922572650
0!
#10923572650
1!
#10924572650
0!
#10925572650
1!
#10926572650
0!
#10927572650
1!
#10928572650
0!
#10929572675
1!
#10930572650
0!
#10931572650
1!
#10932572650
0!
#10933572650
1!
#10934572650
0!
#10935572650
1!
#10936572650
0!
#10937572650
1!
#10938572650
0!
#10939572650
1!
#10940572650
0!
#10941572650
1!
#10942572650
0!
#10943572650
1!
#10944572650
0!
#10945572675
1!
#10946572650
0!
#10947572650
1!
#10948572650
0!
#10949572650
1!
#10950572650
0!
#10951572650
1!
#10952572650
0!
#10953572650
1!
#10954572650
0!
#10955572650
1!
#10956572650
0!
#10957572650
1!
#10958572650
0!
#10959572650
1!
#10960572650
0!
#10961572675
1!
#10962572650
0!
#10963572650
1!
#10964572650
0!
#10965572650
1!
#10966572650
0!
#10967572650
1!
#10968572650
0!
#10969572650
1!
#10970572650
0!
#10971572650
1!
#10972572650
0!
#10973572650
1!
#10974572650
0!
#10975572650
1!
#10976572650
0!
#10977572675
1!
#10978572650
0!
#10979572650
1!
#10980572650
0!
#10981572650
1!
#10982572650
0!
#10983572650
1!
#10984572650
0!
#10985572650
1!
#10986572650
0!
#10987572650
1!
#10988572650
0!
#10989572650
1!
#10990572650
0!
#10991572650
1!
#10992572650
0!
#10993572675
1!
#10994572650
0!
#10995572650
1!
#10996572650
0!
#10997572650
1!
#10998572650
0!
#10999572650
1!
#11000572650
0!
#11001572650
1!
#11002572650
0!
#11003572650
1!
#11004572650
0!
#11005572650
1!
#11006572650
0!
#11007572650
1!
#11008572650
0!
#11009572675
1!
#11010572650
0!
#11011572650
1!
#11012572650
0!
#11013572650
1!
#11014572650
0!
#11015572650
1!
#11016572650
0!
#11017572650
1!
#11018572650
0!
#11019572650
1!
#11020572650
0!
#11021572650
1!
#11022572675
0!
#11023572650
1!
#11024572650
0!
#11025572675
1!
#11026572650
0!
#11027572650
1!
#11028572650
0!
#11029572650
1!
#11030572650
0!
#11031572650
1!
#11032572650
0!
#11033572650
1!
#11034572650
0!
#11035572650
1!
#11036572650
0!
#11037572650
1!
#11038572675
0!
#11039572650
1!
#11040572650
0!
#11041572675
1!
#11042572650
0!
#11043572650
1!
#11044572650
0!
#11045572650
1!
#11046572650
0!
#11047572650
1!
#11048572650
0!
#11049572650
1!
#11050572650
0!
#11051572650
1!
#11052572650
0!
#11053572650
1!
#11054572675
0!
#11055572650
1!
#11056572650
0!
#11057572650
1!
#11058572650
0!
#11059572650
1!
#11060572650
0!
#11061572650
1!
#11062572650
0!
#11063572650
1!
#11064572650
0!
#11065572650
1!
#11066572650
0!
#11067572650
1!
#11068572650
0!
#11069572650
1!
#11070572675
0!
#11071572650
1!
#11072572650
0!
#11073572650
1!
#11074572650
0!
#11075572650
1!
#11076572650
0!
#11077572650
1!
#11078572650
0!
#11079572650
1!
#11080572650
0!
#11081572650
1!
#11082572650
0!
#11083572650
1!
#11084572650
0!
#11085572650
1!
#11086572675
0!
#11087572650
1!
#11088572650
0!
#11089572650
1!
#11090572650
0!
#11091572650
1!
#11092572650
0!
#11093572650
1!
#11094572650
0!
#11095572650
1!
#11096572650
0!
#11097572650
1!
#11098572650
0!
#11099572650
1!
#11100572650
0!
#11101572650
1!
#11102572675
0!
#11103572650
1!
#11104572650
0!
#11105572650
1!
#11106572650
0!
#11107572650
1!
#11108572650
0!
#11109572650
1!
#11110572650
0!
#11111572650
1!
#11112572650
0!
#11113572650
1!
#11114572650
0!
#11115572650
1!
#11116572650
0!
#11117572650
1!
#11118572675
0!
#11119572650
1!
#11120572650
0!
#11121572650
1!
#11122572650
0!
#11123572650
1!
#11124572650
0!
#11125572650
1!
#11126572650
0!
#11127572650
1!
#11128572650
0!
#11129572650
1!
#11130572650
0!
#11131572650
1!
#11132572650
0!
#11133572650
1!
#11134572675
0!
#11135572650
1!
#11136572650
0!
#11137572650
1!
#11138572650
0!
#11139572650
1!
#11140572650
0!
#11141572650
1!
#11142572650
0!
#11143572650
1!
#11144572650
0!
#11145572650
1!
#11146572650
0!
#11147572675
1!
#11148572650
0!
#11149572650
1!
#11150572675
0!
#11151572650
1!
#11152572650
0!
#11153572650
1!
#11154572650
0!
#11155572650
1!
#11156572650
0!
#11157572650
1!
#11158572650
0!
#11159572650
1!
#11160572650
0!
#11161572650
1!
#11162572650
0!
#11163572675
1!
#11164572650
0!
#11165572650
1!
#11166572675
0!
#11167572650
1!
#11168572650
0!
#11169572650
1!
#11170572650
0!
#11171572650
1!
#11172572650
0!
#11173572650
1!
#11174572650
0!
#11175572650
1!
#11176572650
0!
#11177572650
1!
#11178572650
0!
#11179572675
1!
#11180572650
0!
#11181572650
1!
#11182572650
0!
#11183572650
1!
#11184572650
0!
#11185572650
1!
#11186572650
0!
#11187572650
1!
#11188572650
0!
#11189572650
1!
#11190572650
0!
#11191572650
1!
#11192572650
0!
#11193572650
1!
#11194572650
0!
#11195572675
1!
#11196572650
0!
#11197572650
1!
#11198572650
0!
#11199572650
1!
#11200572650
0!
#11201572650
1!
#11202572650
0!
#11203572650
1!
#11204572650
0!
#11205572650
1!
#11206572650
0!
#11207572650
1!
#11208572650
0!
#11209572650
1!
#11210572650
0!
#11211572675
1!
#11212572650
0!
#11213572650
1!
#11214572650
0!
#11215572650
1!
#11216572650
0!
#11217572650
1!
#11218572650
0!
#11219572650
1!
#11220572650
0!
#11221572650
1!
#11222572650
0!
#11223572650
1!
#11224572650
0!
#11225572650
1!
#11226572650
0!
#11227572675
1!
#11228572650
0!
#11229572650
1!
#11230572650
0!
#11231572650
1!
#11232572650
0!
#11233572650
1!
#11234572650
0!
#11235572650
1!
#11236572650
0!
#11237572650
1!
#11238572650
0!
#11239572650
1!
#11240572650
0!
#11241572650
1!
#11242572650
0!
#11243572675
1!
#11244572650
0!
#11245572650
1!
#11246572650
0!
#11247572650
1!
#11248572650
0!
#11249572650
1!
#11250572650
0!
#11251572650
1!
#11252572650
0!
#11253572650
1!
#11254572650
0!
#11255572650
1!
#11256572650
0!
#11257572650
1!
#11258572650
0!
#11259572675
1!
#11260572650
0!
#11261572650
1!
#11262572650
0!
#11263572650
1!
#11264572650
0!
#11265572650
1!
#11266572650
0!
#11267572650
1!
#11268572650
0!
#11269572650
1!
#11270572650
0!
#11271572650
1!
#11272572675
0!
#11273572650
1!
#11274572650
0!
#11275572675
1!
#11276572650
0!
#11277572650
1!
#11278572650
0!
#11279572650
1!
#11280572650
0!
#11281572650
1!
#11282572650
0!
#11283572650
1!
#11284572650
0!
#11285572650
1!
#11286572650
0!
#11287572650
1!
#11288572675
0!
#11289572650
1!
#11290572650
0!
#11291572675
1!
#11292572650
0!
#11293572650
1!
#11294572650
0!
#11295572650
1!
#11296572650
0!
#11297572650
1!
#11298572650
0!
#11299572650
1!
#11300572650
0!
#11301572650
1!
#11302572650
0!
#11303572650
1!
#11304572675
0!
#11305572650
1!
#11306572650
0!
#11307572650
1!
#11308572650
0!
#11309572650
1!
#11310572650
0!
#11311572650
1!
#11312572650
0!
#11313572650
1!
#11314572650
0!
#11315572650
1!
#11316572650
0!
#11317572650
1!
#11318572650
0!
#11319572650
1!
#11320572675
0!
#11321572650
1!
#11322572650
0!
#11323572650
1!
#11324572650
0!
#11325572650
1!
#11326572650
0!
#11327572650
1!
#11328572650
0!
#11329572650
1!
#11330572650
0!
#11331572650
1!
#11332572650
0!
#11333572650
1!
#11334572650
0!
#11335572650
1!
#11336572675
0!
#11337572650
1!
#11338572650
0!
#11339572650
1!
#11340572650
0!
#11341572650
1!
#11342572650
0!
#11343572650
1!
#11344572650
0!
#11345572650
1!
#11346572650
0!
#11347572650
1!
#11348572650
0!
#11349572650
1!
#11350572650
0!
#11351572650
1!
#11352572675
0!
#11353572650
1!
#11354572650
0!
#11355572650
1!
#11356572650
0!
#11357572650
1!
#11358572650
0!
#11359572650
1!
#11360572650
0!
#11361572650
1!
#11362572650
0!
#11363572650
1!
#11364572650
0!
#11365572650
1!
#11366572650
0!
#11367572650
1!
#11368572675
0!
#11369572650
1!
#11370572650
0!
#11371572650
1!
#11372572650
0!
#11373572650
1!
#11374572650
0!
#11375572650
1!
#11376572650
0!
#11377572650
1!
#11378572650
0!
#11379572650
1!
#11380572650
0!
#11381572650
1!
#11382572650
0!
#11383572650
1!
#11384572675
0!
#11385572650
1!
#11386572650
0!
#11387572650
1!
#11388572650
0!
#11389572650
1!
#11390572650
0!
#11391572650
1!
#11392572650
0!
#11393572650
1!
#11394572650
0!
#11395572650
1!
#11396572650
0!
#11397572675
1!
#11398572650
0!
#11399572650
1!
#11400572675
0!
#11401572650
1!
#11402572650
0!
#11403572650
1!
#11404572650
0!
#11405572650
1!
#11406572650
0!
#11407572650
1!
#11408572650
0!
#11409572650
1!
#11410572650
0!
#11411572650
1!
#11412572650
0!
#11413572675
1!
#11414572650
0!
#11415572650
1!
#11416572675
0!
#11417572650
1!
#11418572650
0!
#11419572650
1!
#11420572650
0!
#11421572650
1!
#11422572650
0!
#11423572650
1!
#11424572650
0!
#11425572650
1!
#11426572650
0!
#11427572650
1!
#11428572650
0!
#11429572675
1!
#11430572650
0!
#11431572650
1!
#11432572650
0!
#11433572650
1!
#11434572650
0!
#11435572650
1!
#11436572650
0!
#11437572650
1!
#11438572650
0!
#11439572650
1!
#11440572650
0!
#11441572650
1!
#11442572650
0!
#11443572650
1!
#11444572650
0!
#11445572675
1!
#11446572650
0!
#11447572650
1!
#11448572650
0!
#11449572650
1!
#11450572650
0!
#11451572650
1!
#11452572650
0!
#11453572650
1!
#11454572650
0!
#11455572650
1!
#11456572650
0!
#11457572650
1!
#11458572650
0!
#11459572650
1!
#11460572650
0!
#11461572675
1!
#11462572650
0!
#11463572650
1!
#11464572650
0!
#11465572650
1!
#11466572650
0!
#11467572650
1!
#11468572650
0!
#11469572650
1!
#11470572650
0!
#11471572650
1!
#11472572650
0!
#11473572650
1!
#11474572650
0!
#11475572650
1!
#11476572650
0!
#11477572675
1!
#11478572650
0!
#11479572650
1!
#11480572650
0!
#11481572650
1!
#11482572650
0!
#11483572650
1!
#11484572650
0!
#11485572650
1!
#11486572650
0!
#11487572650
1!
#11488572650
0!
#11489572650
1!
#11490572650
0!
#11491572650
1!
#11492572650
0!
#11493572675
1!
#11494572650
0!
#11495572650
1!
#11496572650
0!
#11497572650
1!
#11498572650
0!
#11499572650
1!
#11500572650
0!
#11501572650
1!
#11502572650
0!
#11503572650
1!
#11504572650
0!
#11505572650
1!
#11506572650
0!
#11507572650
1!
#11508572650
0!
#11509572675
1!
#11510572650
0!
#11511572650
1!
#11512572650
0!
#11513572650
1!
#11514572650
0!
#11515572650
1!
#11516572650
0!
#11517572650
1!
#11518572650
0!
#11519572650
1!
#11520572650
0!
#11521572650
1!
#11522572675
0!
#11523572650
1!
#11524572650
0!
#11525572675
1!
#11526572650
0!
#11527572650
1!
#11528572650
0!
#11529572650
1!
#11530572650
0!
#11531572650
1!
#11532572650
0!
#11533572650
1!
#11534572650
0!
#11535572650
1!
#11536572650
0!
#11537572650
1!
#11538572675
0!
#11539572650
1!
#11540572650
0!
#11541572675
1!
#11542572650
0!
#11543572650
1!
#11544572650
0!
#11545572650
1!
#11546572650
0!
#11547572650
1!
#11548572650
0!
#11549572650
1!
#11550572650
0!
#11551572650
1!
#11552572650
0!
#11553572650
1!
#11554572675
0!
#11555572650
1!
#11556572650
0!
#11557572650
1!
#11558572650
0!
#11559572650
1!
#11560572650
0!
#11561572650
1!
#11562572650
0!
#11563572650
1!
#11564572650
0!
#11565572650
1!
#11566572650
0!
#11567572650
1!
#11568572650
0!
#11569572650
1!
#11570572675
0!
#11571572650
1!
#11572572650
0!
#11573572650
1!
#11574572650
0!
#11575572650
1!
#11576572650
0!
#11577572650
1!
#11578572650
0!
#11579572650
1!
#11580572650
0!
#11581572650
1!
#11582572650
0!
#11583572650
1!
#11584572650
0!
#11585572650
1!
#11586572675
0!
#11587572650
1!
#11588572650
0!
#11589572650
1!
#11590572650
0!
#11591572650
1!
#11592572650
0!
#11593572650
1!
#11594572650
0!
#11595572650
1!
#11596572650
0!
#11597572650
1!
#11598572650
0!
#11599572650
1!
#11600572650
0!
#11601572650
1!
#11602572675
0!
#11603572650
1!
#11604572650
0!
#11605572650
1!
#11606572650
0!
#11607572650
1!
#11608572650
0!
#11609572650
1!
#11610572650
0!
#11611572650
1!
#11612572650
0!
#11613572650
1!
#11614572650
0!
#11615572650
1!
#11616572650
0!
#11617572650
1!
#11618572675
0!
#11619572650
1!
#11620572650
0!
#11621572650
1!
#11622572650
0!
#11623572650
1!
#11624572650
0!
#11625572650
1!
#11626572650
0!
#11627572650
1!
#11628572650
0!
#11629572650
1!
#11630572650
0!
#11631572650
1!
#11632572650
0!
#11633572650
1!
#11634572675
0!
#11635572650
1!
#11636572650
0!
#11637572650
1!
#11638572650
0!
#11639572650
1!
#11640572650
0!
#11641572650
1!
#11642572650
0!
#11643572650
1!
#11644572650
0!
#11645572650
1!
#11646572650
0!
#11647572675
1!
#11648572650
0!
#11649572650
1!
#11650572675
0!
#11651572650
1!
#11652572650
0!
#11653572650
1!
#11654572650
0!
#11655572650
1!
#11656572650
0!
#11657572650
1!
#11658572650
0!
#11659572650
1!
#11660572650
0!
#11661572650
1!
#11662572650
0!
#11663572675
1!
#11664572650
0!
#11665572650
1!
#11666572675
0!
#11667572650
1!
#11668572650
0!
#11669572650
1!
#11670572650
0!
#11671572650
1!
#11672572650
0!
#11673572650
1!
#11674572650
0!
#11675572650
1!
#11676572650
0!
#11677572650
1!
#11678572650
0!
#11679572675
1!
#11680572650
0!
#11681572650
1!
#11682572650
0!
#11683572650
1!
#11684572650
0!
#11685572650
1!
#11686572650
0!
#11687572650
1!
#11688572650
0!
#11689572650
1!
#11690572650
0!
#11691572650
1!
#11692572650
0!
#11693572650
1!
#11694572650
0!
#11695572675
1!
#11696572650
0!
#11697572650
1!
#11698572650
0!
#11699572650
1!
#11700572650
0!
#11701572650
1!
#11702572650
0!
#11703572650
1!
#11704572650
0!
#11705572650
1!
#11706572650
0!
#11707572650
1!
#11708572650
0!
#11709572650
1!
#11710572650
0!
#11711572675
1!
#11712572650
0!
#11713572650
1!
#11714572650
0!
#11715572650
1!
#11716572650
0!
#11717572650
1!
#11718572650
0!
#11719572650
1!
#11720572650
0!
#11721572650
1!
#11722572650
0!
#11723572650
1!
#11724572650
0!
#11725572650
1!
#11726572650
0!
#11727572675
1!
#11728572650
0!
#11729572650
1!
#11730572650
0!
#11731572650
1!
#11732572650
0!
#11733572650
1!
#11734572650
0!
#11735572650
1!
#11736572650
0!
#11737572650
1!
#11738572650
0!
#11739572650
1!
#11740572650
0!
#11741572650
1!
#11742572650
0!
#11743572675
1!
#11744572650
0!
#11745572650
1!
#11746572650
0!
#11747572650
1!
#11748572650
0!
#11749572650
1!
#11750572650
0!
#11751572650
1!
#11752572650
0!
#11753572650
1!
#11754572650
0!
#11755572650
1!
#11756572650
0!
#11757572650
1!
#11758572650
0!
#11759572675
1!
#11760572650
0!
#11761572650
1!
#11762572650
0!
#11763572650
1!
#11764572650
0!
#11765572650
1!
#11766572650
0!
#11767572650
1!
#11768572650
0!
#11769572650
1!
#11770572650
0!
#11771572650
1!
#11772572650
0!
#11773572650
1!
#11774572650
0!
#11775572675
1!
#11776572650
0!
#11777572650
1!
#11778572650
0!
#11779572650
1!
#11780572650
0!
#11781572650
1!
#11782572650
0!
#11783572650
1!
#11784572650
0!
#11785572650
1!
#11786572650
0!
#11787572650
1!
#11788572650
0!
#11789572650
1!
#11790572650
0!
#11791572675
1!
#11792572650
0!
#11793572650
1!
#11794572650
0!
#11795572650
1!
#11796572650
0!
#11797572650
1!
#11798572650
0!
#11799572650
1!
#11800572650
0!
#11801572650
1!
#11802572650
0!
#11803572650
1!
#11804572650
0!
#11805572650
1!
#11806572650
0!
#11807572650
1!
#11808572650
0!
#11809572650
1!
#11810572650
0!
#11811572650
1!
#11812572650
0!
#11813572650
1!
#11814572650
0!
#11815572650
1!
#11816572650
0!
#11817572650
1!
#11818572650
0!
#11819572650
1!
#11820572650
0!
#11821572650
1!
#11822572650
0!
#11823572650
1!
#11824572650
0!
#11825572650
1!
#11826572650
0!
#11827572650
1!
#11828572650
0!
#11829572650
1!
#11830572650
0!
#11831572650
1!
#11832572650
0!
#11833572650
1!
#11834572650
0!
#11835572650
1!
#11836572650
0!
#11837572650
1!
#11838572650
0!
#11839572650
1!
#11840572650
0!
#11841572650
1!
#11842572650
0!
#11843572650
1!
#11844572650
0!
#11845572650
1!
#11846572650
0!
#11847572650
1!
#11848572650
0!
#11849572650
1!
#11850572650
0!
#11851572650
1!
#11852572650
0!
#11853572650
1!
#11854572650
0!
#11855572650
1!
#11856572650
0!
#11857572650
1!
#11858572650
0!
#11859572650
1!
#11860572650
0!
#11861572650
1!
#11862572650
0!
#11863572650
1!
#11864572650
0!
#11865572650
1!
#11866572650
0!
#11867572650
1!
#11868572650
0!
#11869572650
1!
#11870572650
0!
#11871572650
1!
#11872572650
0!
#11873572650
1!
#11874572650
0!
#11875572650
1!
#11876572650
0!
#11877572650
1!
#11878572650
0!
#11879572650
1!
#11880572650
0!
#11881572650
1!
#11882572650
0!
#11883572650
1!
#11884572650
0!
#11885572650
1!
#11886572650
0!
#11887572650
1!
#11888572650
0!
#11889572650
1!
#11890572650
0!
#11891572650
1!
#11892572650
0!
#11893572650
1!
#11894572650
0!
#11895572650
1!
#11896572650
0!
#11897572675
1!
#11898572650
0!
#11899572650
1!
#11900572650
0!
#11901572650
1!
#11902572650
0!
#11903572650
1!
#11904572650
0!
#11905572650
1!
#11906572650
0!
#11907572650
1!
#11908572650
0!
#11909572650
1!
#11910572650
0!
#11911572650
1!
#11912572650
0!
#11913572675
1!
#11914572650
0!
#11915572650
1!
#11916572650
0!
#11917572650
1!
#11918572650
0!
#11919572650
1!
#11920572650
0!
#11921572650
1!
#11922572650
0!
#11923572650
1!
#11924572650
0!
#11925572650
1!
#11926572650
0!
#11927572650
1!
#11928572650
0!
#11929572675
1!
#11930572650
0!
#11931572650
1!
#11932572650
0!
#11933572650
1!
#11934572650
0!
#11935572650
1!
#11936572650
0!
#11937572650
1!
#11938572650
0!
#11939572650
1!
#11940572650
0!
#11941572650
1!
#11942572650
0!
#11943572650
1!
#11944572650
0!
#11945572675
1!
#11946572650
0!
#11947572650
1!
#11948572650
0!
#11949572650
1!
#11950572650
0!
#11951572650
1!
#11952572650
0!
#11953572650
1!
#11954572650
0!
#11955572650
1!
#11956572650
0!
#11957572650
1!
#11958572650
0!
#11959572650
1!
#11960572650
0!
#11961572675
1!
#11962572650
0!
#11963572650
1!
#11964572650
0!
#11965572650
1!
#11966572650
0!
#11967572650
1!
#11968572650
0!
#11969572650
1!
#11970572650
0!
#11971572650
1!
#11972572650
0!
#11973572650
1!
#11974572650
0!
#11975572650
1!
#11976572650
0!
#11977572675
1!
#11978572650
0!
#11979572650
1!
#11980572650
0!
#11981572650
1!
#11982572650
0!
#11983572650
1!
#11984572650
0!
#11985572650
1!
#11986572650
0!
#11987572650
1!
#11988572650
0!
#11989572650
1!
#11990572650
0!
#11991572650
1!
#11992572650
0!
#11993572675
1!
#11994572650
0!
#11995572650
1!
#11996572650
0!
#11997572650
1!
#11998572650
0!
#11999572650
1!
#12000572650
0!
#12001572650
1!
#12002572650
0!
#12003572650
1!
#12004572650
0!
#12005572650
1!
#12006572650
0!
#12007572650
1!
#12008572650
0!
#12009572675
1!
#12010572650
0!
#12011572650
1!
#12012572650
0!
#12013572650
1!
#12014572650
0!
#12015572650
1!
#12016572650
0!
#12017572650
1!
#12018572650
0!
#12019572650
1!
#12020572650
0!
#12021572650
1!
#12022572650
0!
#12023572650
1!
#12024572650
0!
#12025572675
1!
#12026572650
0!
#12027572650
1!
#12028572650
0!
#12029572650
1!
#12030572650
0!
#12031572650
1!
#12032572650
0!
#12033572650
1!
#12034572650
0!
#12035572650
1!
#12036572650
0!
#12037572650
1!
#12038572675
0!
#12039572650
1!
#12040572650
0!
#12041572675
1!
#12042572650
0!
#12043572650
1!
#12044572650
0!
#12045572650
1!
#12046572650
0!
#12047572650
1!
#12048572650
0!
#12049572650
1!
#12050572650
0!
#12051572650
1!
#12052572650
0!
#12053572650
1!
#12054572675
0!
#12055572650
1!
#12056572650
0!
#12057572650
1!
#12058572650
0!
#12059572650
1!
#12060572650
0!
#12061572650
1!
#12062572650
0!
#12063572650
1!
#12064572650
0!
#12065572650
1!
#12066572650
0!
#12067572650
1!
#12068572650
0!
#12069572650
1!
#12070572675
0!
#12071572650
1!
#12072572650
0!
#12073572650
1!
#12074572650
0!
#12075572650
1!
#12076572650
0!
#12077572650
1!
#12078572650
0!
#12079572650
1!
#12080572650
0!
#12081572650
1!
#12082572650
0!
#12083572650
1!
#12084572650
0!
#12085572650
1!
#12086572650
0!
#12087572650
1!
#12088572650
0!
#12089572650
1!
#12090572650
0!
#12091572650
1!
#12092572650
0!
#12093572650
1!
#12094572650
0!
#12095572650
1!
#12096572650
0!
#12097572650
1!
#12098572650
0!
#12099572650
1!
#12100572650
0!
#12101572650
1!
#12102572650
0!
#12103572650
1!
#12104572650
0!
#12105572650
1!
#12106572650
0!
#12107572650
1!
#12108572650
0!
#12109572650
1!
#12110572650
0!
#12111572650
1!
#12112572650
0!
#12113572650
1!
#12114572650
0!
#12115572650
1!
#12116572650
0!
#12117572650
1!
#12118572675
0!
#12119572650
1!
#12120572650
0!
#12121572650
1!
#12122572650
0!
#12123572650
1!
#12124572650
0!
#12125572650
1!
#12126572650
0!
#12127572650
1!
#12128572650
0!
#12129572650
1!
#12130572650
0!
#12131572650
1!
#12132572650
0!
#12133572650
1!
#12134572675
0!
#12135572650
1!
#12136572650
0!
#12137572650
1!
#12138572650
0!
#12139572650
1!
#12140572650
0!
#12141572650
1!
#12142572650
0!
#12143572650
1!
#12144572650
0!
#12145572650
1!
#12146572650
0!
#12147572675
1!
#12148572650
0!
#12149572650
1!
#12150572675
0!
#12151572650
1!
#12152572650
0!
#12153572650
1!
#12154572650
0!
#12155572650
1!
#12156572650
0!
#12157572650
1!
#12158572650
0!
#12159572650
1!
#12160572650
0!
#12161572650
1!
#12162572650
0!
#12163572675
1!
#12164572650
0!
#12165572650
1!
#12166572675
0!
#12167572650
1!
#12168572650
0!
#12169572650
1!
#12170572650
0!
#12171572650
1!
#12172572650
0!
#12173572650
1!
#12174572650
0!
#12175572650
1!
#12176572650
0!
#12177572650
1!
#12178572650
0!
#12179572675
1!
#12180572650
0!
#12181572650
1!
#12182572650
0!
#12183572650
1!
#12184572650
0!
#12185572650
1!
#12186572650
0!
#12187572650
1!
#12188572650
0!
#12189572650
1!
#12190572650
0!
#12191572650
1!
#12192572650
0!
#12193572650
1!
#12194572650
0!
#12195572675
1!
#12196572650
0!
#12197572650
1!
#12198572650
0!
#12199572650
1!
#12200572650
0!
#12201572650
1!
#12202572650
0!
#12203572650
1!
#12204572650
0!
#12205572650
1!
#12206572650
0!
#12207572650
1!
#12208572650
0!
#12209572650
1!
#12210572650
0!
#12211572675
1!
#12212572650
0!
#12213572650
1!
#12214572650
0!
#12215572650
1!
#12216572650
0!
#12217572650
1!
#12218572650
0!
#12219572650
1!
#12220572650
0!
#12221572650
1!
#12222572650
0!
#12223572650
1!
#12224572650
0!
#12225572650
1!
#12226572650
0!
#12227572675
1!
#12228572650
0!
#12229572650
1!
#12230572650
0!
#12231572650
1!
#12232572650
0!
#12233572650
1!
#12234572650
0!
#12235572650
1!
#12236572650
0!
#12237572650
1!
#12238572650
0!
#12239572650
1!
#12240572650
0!
#12241572650
1!
#12242572650
0!
#12243572675
1!
#12244572650
0!
#12245572650
1!
#12246572650
0!
#12247572650
1!
#12248572650
0!
#12249572650
1!
#12250572650
0!
#12251572650
1!
#12252572650
0!
#12253572650
1!
#12254572650
0!
#12255572650
1!
#12256572650
0!
#12257572650
1!
#12258572650
0!
#12259572675
1!
#12260572650
0!
#12261572650
1!
#12262572650
0!
#12263572650
1!
#12264572650
0!
#12265572650
1!
#12266572650
0!
#12267572650
1!
#12268572650
0!
#12269572650
1!
#12270572650
0!
#12271572650
1!
#12272572675
0!
#12273572650
1!
#12274572650
0!
#12275572675
1!
#12276572650
0!
#12277572650
1!
#12278572650
0!
#12279572650
1!
#12280572650
0!
#12281572650
1!
#12282572650
0!
#12283572650
1!
#12284572650
0!
#12285572650
1!
#12286572650
0!
#12287572650
1!
#12288572675
0!
#12289572650
1!
#12290572650
0!
#12291572675
1!
#12292572650
0!
#12293572650
1!
#12294572650
0!
#12295572650
1!
#12296572650
0!
#12297572650
1!
#12298572650
0!
#12299572650
1!
#12300572650
0!
#12301572650
1!
#12302572650
0!
#12303572650
1!
#12304572675
0!
#12305572650
1!
#12306572650
0!
#12307572650
1!
#12308572650
0!
#12309572650
1!
#12310572650
0!
#12311572650
1!
#12312572650
0!
#12313572650
1!
#12314572650
0!
#12315572650
1!
#12316572650
0!
#12317572650
1!
#12318572650
0!
#12319572650
1!
#12320572675
0!
#12321572650
1!
#12322572650
0!
#12323572650
1!
#12324572650
0!
#12325572650
1!
#12326572650
0!
#12327572650
1!
#12328572650
0!
#12329572650
1!
#12330572650
0!
#12331572650
1!
#12332572650
0!
#12333572650
1!
#12334572650
0!
#12335572650
1!
#12336572675
0!
#12337572650
1!
#12338572650
0!
#12339572650
1!
#12340572650
0!
#12341572650
1!
#12342572650
0!
#12343572650
1!
#12344572650
0!
#12345572650
1!
#12346572650
0!
#12347572650
1!
#12348572650
0!
#12349572650
1!
#12350572650
0!
#12351572650
1!
#12352572675
0!
#12353572650
1!
#12354572650
0!
#12355572650
1!
#12356572650
0!
#12357572650
1!
#12358572650
0!
#12359572650
1!
#12360572650
0!
#12361572650
1!
#12362572650
0!
#12363572650
1!
#12364572650
0!
#12365572650
1!
#12366572650
0!
#12367572650
1!
#12368572675
0!
#12369572650
1!
#12370572650
0!
#12371572650
1!
#12372572650
0!
#12373572650
1!
#12374572650
0!
#12375572650
1!
#12376572650
0!
#12377572650
1!
#12378572650
0!
#12379572650
1!
#12380572650
0!
#12381572650
1!
#12382572650
0!
#12383572650
1!
#12384572675
0!
#12385572650
1!
#12386572650
0!
#12387572650
1!
#12388572650
0!
#12389572650
1!
#12390572650
0!
#12391572650
1!
#12392572650
0!
#12393572650
1!
#12394572650
0!
#12395572650
1!
#12396572650
0!
#12397572675
1!
#12398572650
0!
#12399572650
1!
#12400572675
0!
#12401572650
1!
#12402572650
0!
#12403572650
1!
#12404572650
0!
#12405572650
1!
#12406572650
0!
#12407572650
1!
#12408572650
0!
#12409572650
1!
#12410572650
0!
#12411572650
1!
#12412572650
0!
#12413572675
1!
#12414572650
0!
#12415572650
1!
#12416572675
0!
#12417572650
1!
#12418572650
0!
#12419572650
1!
#12420572650
0!
#12421572650
1!
#12422572650
0!
#12423572650
1!
#12424572650
0!
#12425572650
1!
#12426572650
0!
#12427572650
1!
#12428572650
0!
#12429572675
1!
#12430572650
0!
#12431572650
1!
#12432572650
0!
#12433572650
1!
#12434572650
0!
#12435572650
1!
#12436572650
0!
#12437572650
1!
#12438572650
0!
#12439572650
1!
#12440572650
0!
#12441572650
1!
#12442572650
0!
#12443572650
1!
#12444572650
0!
#12445572675
1!
#12446572650
0!
#12447572650
1!
#12448572650
0!
#12449572650
1!
#12450572650
0!
#12451572650
1!
#12452572650
0!
#12453572650
1!
#12454572650
0!
#12455572650
1!
#12456572650
0!
#12457572650
1!
#12458572650
0!
#12459572650
1!
#12460572650
0!
#12461572675
1!
#12462572650
0!
#12463572650
1!
#12464572650
0!
#12465572650
1!
#12466572650
0!
#12467572650
1!
#12468572650
0!
#12469572650
1!
#12470572650
0!
#12471572650
1!
#12472572650
0!
#12473572650
1!
#12474572650
0!
#12475572650
1!
#12476572650
0!
#12477572675
1!
#12478572650
0!
#12479572650
1!
#12480572650
0!
#12481572650
1!
#12482572650
0!
#12483572650
1!
#12484572650
0!
#12485572650
1!
#12486572650
0!
#12487572650
1!
#12488572650
0!
#12489572650
1!
#12490572650
0!
#12491572650
1!
#12492572650
0!
#12493572675
1!
#12494572650
0!
#12495572650
1!
#12496572650
0!
#12497572650
1!
#12498572650
0!
#12499572650
1!
#12500572650
0!
#12501572650
1!
#12502572650
0!
#12503572650
1!
#12504572650
0!
#12505572650
1!
#12506572650
0!
#12507572650
1!
#12508572650
0!
#12509572675
1!
#12510572650
0!
#12511572650
1!
#12512572650
0!
#12513572650
1!
#12514572650
0!
#12515572650
1!
#12516572650
0!
#12517572650
1!
#12518572650
0!
#12519572650
1!
#12520572650
0!
#12521572650
1!
#12522572675
0!
#12523572650
1!
#12524572650
0!
#12525572675
1!
#12526572650
0!
#12527572650
1!
#12528572650
0!
#12529572650
1!
#12530572650
0!
#12531572650
1!
#12532572650
0!
#12533572650
1!
#12534572650
0!
#12535572650
1!
#12536572650
0!
#12537572650
1!
#12538572675
0!
#12539572650
1!
#12540572650
0!
#12541572650
1!
#12542572650
0!
#12543572650
1!
#12544572650
0!
#12545572650
1!
#12546572650
0!
#12547572650
1!
#12548572650
0!
#12549572650
1!
#12550572650
0!
#12551572650
1!
#12552572650
0!
#12553572650
1!
#12554572675
0!
#12555572650
1!
#12556572650
0!
#12557572650
1!
#12558572650
0!
#12559572650
1!
#12560572650
0!
#12561572650
1!
#12562572650
0!
#12563572650
1!
#12564572650
0!
#12565572650
1!
#12566572650
0!
#12567572650
1!
#12568572650
0!
#12569572650
1!
#12570572675
0!
#12571572650
1!
#12572572650
0!
#12573572650
1!
#12574572650
0!
#12575572650
1!
#12576572650
0!
#12577572650
1!
#12578572650
0!
#12579572650
1!
#12580572650
0!
#12581572650
1!
#12582572650
0!
#12583572650
1!
#12584572650
0!
#12585572650
1!
#12586572675
0!
#12587572650
1!
#12588572650
0!
#12589572650
1!
#12590572650
0!
#12591572650
1!
#12592572650
0!
#12593572650
1!
#12594572650
0!
#12595572650
1!
#12596572650
0!
#12597572650
1!
#12598572650
0!
#12599572650
1!
#12600572650
0!
#12601572650
1!
#12602572675
0!
#12603572650
1!
#12604572650
0!
#12605572650
1!
#12606572650
0!
#12607572650
1!
#12608572650
0!
#12609572650
1!
#12610572650
0!
#12611572650
1!
#12612572650
0!
#12613572650
1!
#12614572650
0!
#12615572650
1!
#12616572650
0!
#12617572650
1!
#12618572675
0!
#12619572650
1!
#12620572650
0!
#12621572650
1!
#12622572650
0!
#12623572650
1!
#12624572650
0!
#12625572650
1!
#12626572650
0!
#12627572650
1!
#12628572650
0!
#12629572650
1!
#12630572650
0!
#12631572650
1!
#12632572650
0!
#12633572650
1!
#12634572675
0!
#12635572650
1!
#12636572650
0!
#12637572650
1!
#12638572650
0!
#12639572650
1!
#12640572650
0!
#12641572650
1!
#12642572650
0!
#12643572650
1!
#12644572650
0!
#12645572650
1!
#12646572650
0!
#12647572675
1!
#12648572650
0!
#12649572650
1!
#12650572675
0!
#12651572650
1!
#12652572650
0!
#12653572650
1!
#12654572650
0!
#12655572650
1!
#12656572650
0!
#12657572650
1!
#12658572650
0!
#12659572650
1!
#12660572650
0!
#12661572650
1!
#12662572650
0!
#12663572675
1!
#12664572650
0!
#12665572650
1!
#12666572675
0!
#12667572650
1!
#12668572650
0!
#12669572650
1!
#12670572650
0!
#12671572650
1!
#12672572650
0!
#12673572650
1!
#12674572650
0!
#12675572650
1!
#12676572650
0!
#12677572650
1!
#12678572650
0!
#12679572675
1!
#12680572650
0!
#12681572650
1!
#12682572650
0!
#12683572650
1!
#12684572650
0!
#12685572650
1!
#12686572650
0!
#12687572650
1!
#12688572650
0!
#12689572650
1!
#12690572650
0!
#12691572650
1!
#12692572650
0!
#12693572650
1!
#12694572650
0!
#12695572675
1!
#12696572650
0!
#12697572650
1!
#12698572650
0!
#12699572650
1!
#12700572650
0!
#12701572650
1!
#12702572650
0!
#12703572650
1!
#12704572650
0!
#12705572650
1!
#12706572650
0!
#12707572650
1!
#12708572650
0!
#12709572650
1!
#12710572650
0!
#12711572675
1!
#12712572650
0!
#12713572650
1!
#12714572650
0!
#12715572650
1!
#12716572650
0!
#12717572650
1!
#12718572650
0!
#12719572650
1!
#12720572650
0!
#12721572650
1!
#12722572650
0!
#12723572650
1!
#12724572650
0!
#12725572650
1!
#12726572650
0!
#12727572675
1!
#12728572650
0!
#12729572650
1!
#12730572650
0!
#12731572650
1!
#12732572650
0!
#12733572650
1!
#12734572650
0!
#12735572650
1!
#12736572650
0!
#12737572650
1!
#12738572650
0!
#12739572650
1!
#12740572650
0!
#12741572650
1!
#12742572650
0!
#12743572675
1!
#12744572650
0!
#12745572650
1!
#12746572650
0!
#12747572650
1!
#12748572650
0!
#12749572650
1!
#12750572650
0!
#12751572650
1!
#12752572650
0!
#12753572650
1!
#12754572650
0!
#12755572650
1!
#12756572650
0!
#12757572650
1!
#12758572650
0!
#12759572675
1!
#12760572650
0!
#12761572650
1!
#12762572650
0!
#12763572650
1!
#12764572650
0!
#12765572650
1!
#12766572650
0!
#12767572650
1!
#12768572650
0!
#12769572650
1!
#12770572650
0!
#12771572650
1!
#12772572675
0!
#12773572650
1!
#12774572650
0!
#12775572675
1!
#12776572650
0!
#12777572650
1!
#12778572650
0!
#12779572650
1!
#12780572650
0!
#12781572650
1!
#12782572650
0!
#12783572650
1!
#12784572650
0!
#12785572650
1!
#12786572650
0!
#12787572650
1!
#12788572675
0!
#12789572650
1!
#12790572650
0!
#12791572675
1!
#12792572650
0!
#12793572650
1!
#12794572650
0!
#12795572650
1!
#12796572650
0!
#12797572650
1!
#12798572650
0!
#12799572650
1!
#12800572650
0!
#12801572650
1!
#12802572650
0!
#12803572650
1!
#12804572675
0!
#12805572650
1!
#12806572650
0!
#12807572650
1!
#12808572650
0!
#12809572650
1!
#12810572650
0!
#12811572650
1!
#12812572650
0!
#12813572650
1!
#12814572650
0!
#12815572650
1!
#12816572650
0!
#12817572650
1!
#12818572650
0!
#12819572650
1!
#12820572675
0!
#12821572650
1!
#12822572650
0!
#12823572650
1!
#12824572650
0!
#12825572650
1!
#12826572650
0!
#12827572650
1!
#12828572650
0!
#12829572650
1!
#12830572650
0!
#12831572650
1!
#12832572650
0!
#12833572650
1!
#12834572650
0!
#12835572650
1!
#12836572675
0!
#12837572650
1!
#12838572650
0!
#12839572650
1!
#12840572650
0!
#12841572650
1!
#12842572650
0!
#12843572650
1!
#12844572650
0!
#12845572650
1!
#12846572650
0!
#12847572650
1!
#12848572650
0!
#12849572650
1!
#12850572650
0!
#12851572650
1!
#12852572675
0!
#12853572650
1!
#12854572650
0!
#12855572650
1!
#12856572650
0!
#12857572650
1!
#12858572650
0!
#12859572650
1!
#12860572650
0!
#12861572650
1!
#12862572650
0!
#12863572650
1!
#12864572650
0!
#12865572650
1!
#12866572650
0!
#12867572650
1!
#12868572675
0!
#12869572650
1!
#12870572650
0!
#12871572650
1!
#12872572650
0!
#12873572650
1!
#12874572650
0!
#12875572650
1!
#12876572650
0!
#12877572650
1!
#12878572650
0!
#12879572650
1!
#12880572650
0!
#12881572650
1!
#12882572650
0!
#12883572650
1!
#12884572675
0!
#12885572650
1!
#12886572650
0!
#12887572650
1!
#12888572650
0!
#12889572650
1!
#12890572650
0!
#12891572650
1!
#12892572650
0!
#12893572650
1!
#12894572650
0!
#12895572650
1!
#12896572650
0!
#12897572675
1!
#12898572650
0!
#12899572650
1!
#12900572675
0!
#12901572650
1!
#12902572650
0!
#12903572650
1!
#12904572650
0!
#12905572650
1!
#12906572650
0!
#12907572650
1!
#12908572650
0!
#12909572650
1!
#12910572650
0!
#12911572650
1!
#12912572650
0!
#12913572675
1!
#12914572650
0!
#12915572650
1!
#12916572675
0!
#12917572650
1!
#12918572650
0!
#12919572650
1!
#12920572650
0!
#12921572650
1!
#12922572650
0!
#12923572650
1!
#12924572650
0!
#12925572650
1!
#12926572650
0!
#12927572650
1!
#12928572650
0!
#12929572675
1!
#12930572650
0!
#12931572650
1!
#12932572650
0!
#12933572650
1!
#12934572650
0!
#12935572650
1!
#12936572650
0!
#12937572650
1!
#12938572650
0!
#12939572650
1!
#12940572650
0!
#12941572650
1!
#12942572650
0!
#12943572650
1!
#12944572650
0!
#12945572675
1!
#12946572650
0!
#12947572650
1!
#12948572650
0!
#12949572650
1!
#12950572650
0!
#12951572650
1!
#12952572650
0!
#12953572650
1!
#12954572650
0!
#12955572650
1!
#12956572650
0!
#12957572650
1!
#12958572650
0!
#12959572650
1!
#12960572650
0!
#12961572675
1!
#12962572650
0!
#12963572650
1!
#12964572650
0!
#12965572650
1!
#12966572650
0!
#12967572650
1!
#12968572650
0!
#12969572650
1!
#12970572650
0!
#12971572650
1!
#12972572650
0!
#12973572650
1!
#12974572650
0!
#12975572650
1!
#12976572650
0!
#12977572675
1!
#12978572650
0!
#12979572650
1!
#12980572650
0!
#12981572650
1!
#12982572650
0!
#12983572650
1!
#12984572650
0!
#12985572650
1!
#12986572650
0!
#12987572650
1!
#12988572650
0!
#12989572650
1!
#12990572650
0!
#12991572650
1!
#12992572650
0!
#12993572675
1!
#12994572650
0!
#12995572650
1!
#12996572650
0!
#12997572650
1!
#12998572650
0!
#12999572650
1!
#13000572650
0!
#13001572650
1!
#13002572650
0!
#13003572650
1!
#13004572650
0!
#13005572650
1!
#13006572650
0!
#13007572650
1!
#13008572650
0!
#13009572675
1!
#13010572650
0!
#13011572650
1!
#13012572650
0!
#13013572650
1!
#13014572650
0!
#13015572650
1!
#13016572650
0!
#13017572650
1!
#13018572650
0!
#13019572650
1!
#13020572650
0!
#13021572650
1!
#13022572675
0!
#13023572650
1!
#13024572650
0!
#13025572675
1!
#13026572650
0!
#13027572650
1!
#13028572650
0!
#13029572650
1!
#13030572650
0!
#13031572650
1!
#13032572650
0!
#13033572650
1!
#13034572650
0!
#13035572650
1!
#13036572650
0!
#13037572650
1!
#13038572675
0!
#13039572650
1!
#13040572650
0!
#13041572675
1!
#13042572650
0!
#13043572650
1!
#13044572650
0!
#13045572650
1!
#13046572650
0!
#13047572650
1!
#13048572650
0!
#13049572650
1!
#13050572650
0!
#13051572650
1!
#13052572650
0!
#13053572650
1!
#13054572675
0!
#13055572650
1!
#13056572650
0!
#13057572650
1!
#13058572650
0!
#13059572650
1!
#13060572650
0!
#13061572650
1!
#13062572650
0!
#13063572650
1!
#13064572650
0!
#13065572650
1!
#13066572650
0!
#13067572650
1!
#13068572650
0!
#13069572650
1!
#13070572675
0!
#13071572650
1!
#13072572650
0!
#13073572650
1!
#13074572650
0!
#13075572650
1!
#13076572650
0!
#13077572650
1!
#13078572650
0!
#13079572650
1!
#13080572650
0!
#13081572650
1!
#13082572650
0!
#13083572650
1!
#13084572650
0!
#13085572650
1!
#13086572675
0!
#13087572650
1!
#13088572650
0!
#13089572650
1!
#13090572650
0!
#13091572650
1!
#13092572650
0!
#13093572650
1!
#13094572650
0!
#13095572650
1!
#13096572650
0!
#13097572650
1!
#13098572650
0!
#13099572650
1!
#13100572650
0!
#13101572650
1!
#13102572675
0!
#13103572650
1!
#13104572650
0!
#13105572650
1!
#13106572650
0!
#13107572650
1!
#13108572650
0!
#13109572650
1!
#13110572650
0!
#13111572650
1!
#13112572650
0!
#13113572650
1!
#13114572650
0!
#13115572650
1!
#13116572650
0!
#13117572650
1!
#13118572675
0!
#13119572650
1!
#13120572650
0!
#13121572650
1!
#13122572650
0!
#13123572650
1!
#13124572650
0!
#13125572650
1!
#13126572650
0!
#13127572650
1!
#13128572650
0!
#13129572650
1!
#13130572650
0!
#13131572650
1!
#13132572650
0!
#13133572650
1!
#13134572675
0!
#13135572650
1!
#13136572650
0!
#13137572650
1!
#13138572650
0!
#13139572650
1!
#13140572650
0!
#13141572650
1!
#13142572650
0!
#13143572650
1!
#13144572650
0!
#13145572650
1!
#13146572650
0!
#13147572675
1!
#13148572650
0!
#13149572650
1!
#13150572675
0!
#13151572650
1!
#13152572650
0!
#13153572650
1!
#13154572650
0!
#13155572650
1!
#13156572650
0!
#13157572650
1!
#13158572650
0!
#13159572650
1!
#13160572650
0!
#13161572650
1!
#13162572650
0!
#13163572675
1!
#13164572650
0!
#13165572650
1!
#13166572675
0!
#13167572650
1!
#13168572650
0!
#13169572650
1!
#13170572650
0!
#13171572650
1!
#13172572650
0!
#13173572650
1!
#13174572650
0!
#13175572650
1!
#13176572650
0!
#13177572650
1!
#13178572650
0!
#13179572675
1!
#13180572650
0!
#13181572650
1!
#13182572650
0!
#13183572650
1!
#13184572650
0!
#13185572650
1!
#13186572650
0!
#13187572650
1!
#13188572650
0!
#13189572650
1!
#13190572650
0!
#13191572650
1!
#13192572650
0!
#13193572650
1!
#13194572650
0!
#13195572675
1!
#13196572650
0!
#13197572650
1!
#13198572650
0!
#13199572650
1!
#13200572650
0!
#13201572650
1!
#13202572650
0!
#13203572650
1!
#13204572650
0!
#13205572650
1!
#13206572650
0!
#13207572650
1!
#13208572650
0!
#13209572650
1!
#13210572650
0!
#13211572675
1!
#13212572650
0!
#13213572650
1!
#13214572650
0!
#13215572650
1!
#13216572650
0!
#13217572650
1!
#13218572650
0!
#13219572650
1!
#13220572650
0!
#13221572650
1!
#13222572650
0!
#13223572650
1!
#13224572650
0!
#13225572650
1!
#13226572650
0!
#13227572675
1!
#13228572650
0!
#13229572650
1!
#13230572650
0!
#13231572650
1!
#13232572650
0!
#13233572650
1!
#13234572650
0!
#13235572650
1!
#13236572650
0!
#13237572650
1!
#13238572650
0!
#13239572650
1!
#13240572650
0!
#13241572650
1!
#13242572650
0!
#13243572675
1!
#13244572650
0!
#13245572650
1!
#13246572650
0!
#13247572650
1!
#13248572650
0!
#13249572650
1!
#13250572650
0!
#13251572650
1!
#13252572650
0!
#13253572650
1!
#13254572650
0!
#13255572650
1!
#13256572650
0!
#13257572650
1!
#13258572650
0!
#13259572675
1!
#13260572650
0!
#13261572650
1!
#13262572650
0!
#13263572650
1!
#13264572650
0!
#13265572650
1!
#13266572650
0!
#13267572650
1!
#13268572650
0!
#13269572650
1!
#13270572650
0!
#13271572650
1!
#13272572675
0!
#13273572650
1!
#13274572650
0!
#13275572675
1!
#13276572650
0!
#13277572650
1!
#13278572650
0!
#13279572650
1!
#13280572650
0!
#13281572650
1!
#13282572650
0!
#13283572650
1!
#13284572650
0!
#13285572650
1!
#13286572650
0!
#13287572650
1!
#13288572675
0!
#13289572650
1!
#13290572650
0!
#13291572675
1!
#13292572650
0!
#13293572650
1!
#13294572650
0!
#13295572650
1!
#13296572650
0!
#13297572650
1!
#13298572650
0!
#13299572650
1!
#13300572650
0!
#13301572650
1!
#13302572650
0!
#13303572650
1!
#13304572675
0!
#13305572650
1!
#13306572650
0!
#13307572650
1!
#13308572650
0!
#13309572650
1!
#13310572650
0!
#13311572650
1!
#13312572650
0!
#13313572650
1!
#13314572650
0!
#13315572650
1!
#13316572650
0!
#13317572650
1!
#13318572650
0!
#13319572650
1!
#13320572675
0!
#13321572650
1!
#13322572650
0!
#13323572650
1!
#13324572650
0!
#13325572650
1!
#13326572650
0!
#13327572650
1!
#13328572650
0!
#13329572650
1!
#13330572650
0!
#13331572650
1!
#13332572650
0!
#13333572650
1!
#13334572650
0!
#13335572650
1!
#13336572675
0!
#13337572650
1!
#13338572650
0!
#13339572650
1!
#13340572650
0!
#13341572650
1!
#13342572650
0!
#13343572650
1!
#13344572650
0!
#13345572650
1!
#13346572650
0!
#13347572650
1!
#13348572650
0!
#13349572650
1!
#13350572650
0!
#13351572650
1!
#13352572675
0!
#13353572650
1!
#13354572650
0!
#13355572650
1!
#13356572650
0!
#13357572650
1!
#13358572650
0!
#13359572650
1!
#13360572650
0!
#13361572650
1!
#13362572650
0!
#13363572650
1!
#13364572650
0!
#13365572650
1!
#13366572650
0!
#13367572650
1!
#13368572675
0!
#13369572650
1!
#13370572650
0!
#13371572650
1!
#13372572650
0!
#13373572650
1!
#13374572650
0!
#13375572650
1!
#13376572650
0!
#13377572650
1!
#13378572650
0!
#13379572650
1!
#13380572650
0!
#13381572650
1!
#13382572650
0!
#13383572650
1!
#13384572675
0!
#13385572650
1!
#13386572650
0!
#13387572650
1!
#13388572650
0!
#13389572650
1!
#13390572650
0!
#13391572650
1!
#13392572650
0!
#13393572650
1!
#13394572650
0!
#13395572650
1!
#13396572650
0!
#13397572675
1!
#13398572650
0!
#13399572650
1!
#13400572675
0!
#13401572650
1!
#13402572650
0!
#13403572650
1!
#13404572650
0!
#13405572650
1!
#13406572650
0!
#13407572650
1!
#13408572650
0!
#13409572650
1!
#13410572650
0!
#13411572650
1!
#13412572650
0!
#13413572675
1!
#13414572650
0!
#13415572650
1!
#13416572675
0!
#13417572650
1!
#13418572650
0!
#13419572650
1!
#13420572650
0!
#13421572650
1!
#13422572650
0!
#13423572650
1!
#13424572650
0!
#13425572650
1!
#13426572650
0!
#13427572650
1!
#13428572650
0!
#13429572650
1!
#13430572650
0!
#13431572650
1!
#13432572650
0!
#13433572650
1!
#13434572650
0!
#13435572650
1!
#13436572650
0!
#13437572650
1!
#13438572650
0!
#13439572650
1!
#13440572650
0!
#13441572650
1!
#13442572650
0!
#13443572650
1!
#13444572650
0!
#13445572650
1!
#13446572650
0!
#13447572650
1!
#13448572650
0!
#13449572650
1!
#13450572650
0!
#13451572650
1!
#13452572650
0!
#13453572650
1!
#13454572650
0!
#13455572650
1!
#13456572650
0!
#13457572650
1!
#13458572650
0!
#13459572650
1!
#13460572650
0!
#13461572650
1!
#13462572650
0!
#13463572650
1!
#13464572650
0!
#13465572650
1!
#13466572650
0!
#13467572650
1!
#13468572650
0!
#13469572650
1!
#13470572650
0!
#13471572650
1!
#13472572650
0!
#13473572650
1!
#13474572650
0!
#13475572650
1!
#13476572650
0!
#13477572650
1!
#13478572650
0!
#13479572650
1!
#13480572650
0!
#13481572650
1!
#13482572650
0!
#13483572650
1!
#13484572650
0!
#13485572650
1!
#13486572650
0!
#13487572650
1!
#13488572650
0!
#13489572650
1!
#13490572650
0!
#13491572650
1!
#13492572650
0!
#13493572650
1!
#13494572650
0!
#13495572650
1!
#13496572650
0!
#13497572650
1!
#13498572650
0!
#13499572650
1!
#13500572650
0!
#13501572650
1!
#13502572650
0!
#13503572650
1!
#13504572650
0!
#13505572650
1!
#13506572650
0!
#13507572650
1!
#13508572650
0!
#13509572650
1!
#13510572650
0!
#13511572650
1!
#13512572650
0!
#13513572650
1!
#13514572650
0!
#13515572650
1!
#13516572650
0!
#13517572650
1!
#13518572650
0!
#13519572650
1!
#13520572650
0!
#13521572650
1!
#13522572650
0!
#13523572650
1!
#13524572650
0!
#13525572650
1!
#13526572650
0!
#13527572650
1!
#13528572650
0!
#13529572650
1!
#13530572650
0!
#13531572650
1!
#13532572650
0!
#13533572650
1!
#13534572650
0!
#13535572650
1!
#13536572650
0!
#13537572650
1!
#13538572650
0!
#13539572650
1!
#13540572650
0!
#13541572650
1!
#13542572650
0!
#13543572650
1!
#13544572650
0!
#13545572650
1!
#13546572650
0!
#13547572650
1!
#13548572650
0!
#13549572650
1!
#13550572650
0!
#13551572650
1!
#13552572650
0!
#13553572650
1!
#13554572650
0!
#13555572650
1!
#13556572650
0!
#13557572650
1!
#13558572650
0!
#13559572650
1!
#13560572650
0!
#13561572650
1!
#13562572650
0!
#13563572650
1!
#13564572650
0!
#13565572650
1!
#13566572650
0!
#13567572650
1!
#13568572650
0!
#13569572650
1!
#13570572650
0!
#13571572650
1!
#13572572650
0!
#13573572650
1!
#13574572650
0!
#13575572650
1!
#13576572650
0!
#13577572650
1!
#13578572650
0!
#13579572650
1!
#13580572650
0!
#13581572650
1!
#13582572650
0!
#13583572650
1!
#13584572650
0!
#13585572650
1!
#13586572650
0!
#13587572650
1!
#13588572650
0!
#13589572650
1!
#13590572650
0!
#13591572650
1!
#13592572650
0!
#13593572650
1!
#13594572650
0!
#13595572650
1!
#13596572650
0!
#13597572650
1!
#13598572650
0!
#13599572650
1!
#13600572650
0!
#13601572650
1!
#13602572650
0!
#13603572650
1!
#13604572650
0!
#13605572650
1!
#13606572650
0!
#13607572650
1!
#13608572650
0!
#13609572650
1!
#13610572650
0!
#13611572650
1!
#13612572650
0!
#13613572650
1!
#13614572650
0!
#13615572650
1!
#13616572650
0!
#13617572650
1!
#13618572650
0!
#13619572650
1!
#13620572650
0!
#13621572650
1!
#13622572650
0!
#13623572650
1!
#13624572650
0!
#13625572650
1!
#13626572650
0!
#13627572650
1!
#13628572650
0!
#13629572650
1!
#13630572650
0!
#13631572650
1!
#13632572650
0!
#13633572650
1!
#13634572650
0!
#13635572650
1!
#13636572650
0!
#13637572650
1!
#13638572650
0!
#13639572650
1!
#13640572650
0!
#13641572650
1!
#13642572650
0!
#13643572650
1!
#13644572650
0!
#13645572650
1!
#13646572650
0!
#13647572650
1!
#13648572650
0!
#13649572650
1!
#13650572650
0!
#13651572650
1!
#13652572650
0!
#13653572650
1!
#13654572650
0!
#13655572650
1!
#13656572650
0!
#13657572650
1!
#13658572650
0!
#13659572650
1!
#13660572650
0!
#13661572650
1!
#13662572650
0!
#13663572650
1!
#13664572650
0!
#13665572650
1!
#13666572650
0!
#13667572650
1!
#13668572650
0!
#13669572650
1!
#13670572650
0!
#13671572650
1!
#13672572650
0!
#13673572650
1!
#13674572650
0!
#13675572650
1!
#13676572650
0!
#13677572650
1!
#13678572650
0!
#13679572650
1!
#13680572650
0!
#13681572650
1!
#13682572650
0!
#13683572650
1!
#13684572650
0!
#13685572650
1!
#13686572650
0!
#13687572650
1!
#13688572650
0!
#13689572650
1!
#13690572650
0!
#13691572650
1!
#13692572650
0!
#13693572650
1!
#13694572650
0!
#13695572650
1!
#13696572650
0!
#13697572650
1!
#13698572650
0!
#13699572650
1!
#13700572650
0!
#13701572650
1!
#13702572650
0!
#13703572650
1!
#13704572650
0!
#13705572650
1!
#13706572650
0!
#13707572650
1!
#13708572650
0!
#13709572650
1!
#13710572650
0!
#13711572650
1!
#13712572650
0!
#13713572650
1!
#13714572650
0!
#13715572650
1!
#13716572650
0!
#13717572650
1!
#13718572650
0!
#13719572650
1!
#13720572650
0!
#13721572650
1!
#13722572650
0!
#13723572650
1!
#13724572650
0!
#13725572650
1!
#13726572650
0!
#13727572650
1!
#13728572650
0!
#13729572650
1!
#13730572650
0!
#13731572650
1!
#13732572650
0!
#13733572650
1!
#13734572650
0!
#13735572650
1!
#13736572650
0!
#13737572650
1!
#13738572650
0!
#13739572650
1!
#13740572650
0!
#13741572650
1!
#13742572650
0!
#13743572650
1!
#13744572650
0!
#13745572650
1!
#13746572650
0!
#13747572650
1!
#13748572650
0!
#13749572650
1!
#13750572650
0!
#13751572650
1!
#13752572650
0!
#13753572650
1!
#13754572650
0!
#13755572650
1!
#13756572650
0!
#13757572650
1!
#13758572650
0!
#13759572650
1!
#13760572650
0!
#13761572650
1!
#13762572650
0!
#13763572650
1!
#13764572650
0!
#13765572650
1!
#13766572650
0!
#13767572650
1!
#13768572650
0!
#13769572650
1!
#13770572650
0!
#13771572650
1!
#13772572650
0!
#13773572650
1!
#13774572650
0!
#13775572650
1!
#13776572650
0!
#13777572650
1!
#13778572650
0!
#13779572650
1!
#13780572650
0!
#13781572650
1!
#13782572650
0!
#13783572650
1!
#13784572650
0!
#13785572650
1!
#13786572650
0!
#13787572650
1!
#13788572650
0!
#13789572650
1!
#13790572650
0!
#13791572650
1!
#13792572650
0!
#13793572650
1!
#13794572650
0!
#13795572650
1!
#13796572650
0!
#13797572650
1!
#13798572650
0!
#13799572650
1!
#13800572650
0!
#13801572650
1!
#13802572650
0!
#13803572650
1!
#13804572650
0!
#13805572650
1!
#13806572650
0!
#13807572650
1!
#13808572650
0!
#13809572650
1!
#13810572650
0!
#13811572650
1!
#13812572650
0!
#13813572650
1!
#13814572650
0!
#13815572650
1!
#13816572650
0!
#13817572650
1!
#13818572650
0!
#13819572650
1!
#13820572650
0!
#13821572650
1!
#13822572650
0!
#13823572650
1!
#13824572650
0!
#13825572650
1!
#13826572650
0!
#13827572650
1!
#13828572650
0!
#13829572650
1!
#13830572650
0!
#13831572650
1!
#13832572650
0!
#13833572650
1!
#13834572650
0!
#13835572650
1!
#13836572650
0!
#13837572650
1!
#13838572650
0!
#13839572650
1!
#13840572650
0!
#13841572650
1!
#13842572650
0!
#13843572650
1!
#13844572650
0!
#13845572650
1!
#13846572650
0!
#13847572650
1!
#13848572650
0!
#13849572650
1!
#13850572650
0!
#13851572650
1!
#13852572650
0!
#13853572650
1!
#13854572650
0!
#13855572650
1!
#13856572650
0!
#13857572650
1!
#13858572650
0!
#13859572650
1!
#13860572650
0!
#13861572650
1!
#13862572650
0!
#13863572650
1!
#13864572650
0!
#13865572650
1!
#13866572650
0!
#13867572650
1!
#13868572650
0!
#13869572650
1!
#13870572650
0!
#13871572650
1!
#13872572650
0!
#13873572650
1!
#13874572650
0!
#13875572650
1!
#13876572650
0!
#13877572650
1!
#13878572650
0!
#13879572650
1!
#13880572650
0!
#13881572650
1!
#13882572650
0!
#13883572650
1!
#13884572650
0!
#13885572650
1!
#13886572650
0!
#13887572650
1!
#13888572650
0!
#13889572650
1!
#13890572650
0!
#13891572650
1!
#13892572650
0!
#13893572650
1!
#13894572650
0!
#13895572650
1!
#13896572650
0!
#13897572650
1!
#13898572650
0!
#13899572650
1!
#13900572650
0!
#13901572650
1!
#13902572650
0!
#13903572650
1!
#13904572650
0!
#13905572650
1!
#13906572650
0!
#13907572650
1!
#13908572650
0!
#13909572650
1!
#13910572650
0!
#13911572650
1!
#13912572650
0!
#13913572650
1!
#13914572650
0!
#13915572650
1!
#13916572650
0!
#13917572650
1!
#13918572650
0!
#13919572650
1!
#13920572650
0!
#13921572650
1!
#13922572650
0!
#13923572650
1!
#13924572650
0!
#13925572650
1!
#13926572650
0!
#13927572650
1!
#13928572650
0!
#13929572650
1!
#13930572650
0!
#13931572650
1!
#13932572650
0!
#13933572650
1!
#13934572650
0!
#13935572650
1!
#13936572650
0!
#13937572650
1!
#13938572650
0!
#13939572650
1!
#13940572650
0!
#13941572650
1!
#13942572650
0!
#13943572650
1!
#13944572650
0!
#13945572650
1!
#13946572650
0!
#13947572650
1!
#13948572650
0!
#13949572650
1!
#13950572650
0!
#13951572650
1!
#13952572650
0!
#13953572650
1!
#13954572650
0!
#13955572650
1!
#13956572650
0!
#13957572650
1!
#13958572650
0!
#13959572650
1!
#13960572650
0!
#13961572650
1!
#13962572650
0!
#13963572650
1!
#13964572650
0!
#13965572650
1!
#13966572650
0!
#13967572650
1!
#13968572650
0!
#13969572650
1!
#13970572650
0!
#13971572650
1!
#13972572650
0!
#13973572650
1!
#13974572650
0!
#13975572650
1!
#13976572650
0!
#13977572650
1!
#13978572650
0!
#13979572650
1!
#13980572650
0!
#13981572650
1!
#13982572650
0!
#13983572650
1!
#13984572650
0!
#13985572650
1!
#13986572650
0!
#13987572650
1!
#13988572650
0!
#13989572650
1!
#13990572650
0!
#13991572650
1!
#13992572650
0!
#13993572650
1!
#13994572650
0!
#13995572650
1!
#13996572650
0!
#13997572650
1!
#13998572650
0!
#13999572650
1!
#14000572650
0!
#14001572650
1!
#14002572650
0!
#14003572650
1!
#14004572650
0!
#14005572650
1!
#14006572650
0!
#14007572650
1!
#14008572650
0!
#14009572650
1!
#14010572650
0!
#14011572650
1!
#14012572650
0!
#14013572650
1!
#14014572650
0!
#14015572650
1!
#14016572650
0!
#14017572650
1!
#14018572650
0!
#14019572650
1!
#14020572650
0!
#14021572650
1!
#14022572650
0!
#14023572650
1!
#14024572650
0!
#14025572650
1!
#14026572650
0!
#14027572650
1!
#14028572650
0!
#14029572650
1!
#14030572650
0!
#14031572650
1!
#14032572650
0!
#14033572650
1!
#14034572650
0!
#14035572650
1!
#14036572650
0!
#14037572650
1!
#14038572650
0!
#14039572650
1!
#14040572650
0!
#14041572650
1!
#14042572650
0!
#14043572650
1!
#14044572650
0!
#14045572650
1!
#14046572650
0!
#14047572650
1!
#14048572650
0!
#14049572650
1!
#14050572650
0!
#14051572650
1!
#14052572650
0!
#14053572650
1!
#14054572650
0!
#14055572650
1!
#14056572650
0!
#14057572650
1!
#14058572650
0!
#14059572650
1!
#14060572650
0!
#14061572650
1!
#14062572650
0!
#14063572650
1!
#14064572650
0!
#14065572650
1!
#14066572650
0!
#14067572650
1!
#14068572650
0!
#14069572650
1!
#14070572650
0!
#14071572650
1!
#14072572650
0!
#14073572650
1!
#14074572650
0!
#14075572650
1!
#14076572650
0!
#14077572650
1!
#14078572650
0!
#14079572650
1!
#14080572650
0!
#14081572650
1!
#14082572650
0!
#14083572650
1!
#14084572650
0!
#14085572650
1!
#14086572650
0!
#14087572650
1!
#14088572650
0!
#14089572650
1!
#14090572650
0!
#14091572650
1!
#14092572650
0!
#14093572650
1!
#14094572650
0!
#14095572650
1!
#14096572650
0!
#14097572650
1!
#14098572650
0!
#14099572650
1!
#14100572650
0!
#14101572650
1!
#14102572650
0!
#14103572650
1!
#14104572650
0!
#14105572650
1!
#14106572650
0!
#14107572650
1!
#14108572650
0!
#14109572650
1!
#14110572650
0!
#14111572650
1!
#14112572650
0!
#14113572650
1!
#14114572650
0!
#14115572650
1!
#14116572650
0!
#14117572650
1!
#14118572650
0!
#14119572650
1!
#14120572650
0!
#14121572650
1!
#14122572650
0!
#14123572650
1!
#14124572650
0!
#14125572650
1!
#14126572650
0!
#14127572650
1!
#14128572650
0!
#14129572650
1!
#14130572650
0!
#14131572650
1!
#14132572650
0!
#14133572650
1!
#14134572650
0!
#14135572650
1!
#14136572650
0!
#14137572650
1!
#14138572650
0!
#14139572650
1!
#14140572650
0!
#14141572650
1!
#14142572650
0!
#14143572650
1!
#14144572650
0!
#14145572650
1!
#14146572650
0!
#14147572650
1!
#14148572650
0!
#14149572650
1!
#14150572650
0!
#14151572650
1!
#14152572650
0!
#14153572650
1!
#14154572650
0!
#14155572650
1!
#14156572650
0!
#14157572650
1!
#14158572650
0!
#14159572650
1!
#14160572650
0!
#14161572650
1!
#14162572650
0!
#14163572650
1!
#14164572650
0!
#14165572650
1!
#14166572650
0!
#14167572650
1!
#14168572650
0!
#14169572650
1!
#14170572650
0!
#14171572650
1!
#14172572650
0!
#14173572650
1!
#14174572650
0!
#14175572650
1!
#14176572650
0!
#14177572650
1!
#14178572650
0!
#14179572650
1!
#14180572650
0!
#14181572650
1!
#14182572650
0!
#14183572650
1!
#14184572650
0!
#14185572650
1!
#14186572650
0!
#14187572650
1!
#14188572650
0!
#14189572650
1!
#14190572650
0!
#14191572650
1!
#14192572650
0!
#14193572650
1!
#14194572650
0!
#14195572650
1!
#14196572650
0!
#14197572650
1!
#14198572650
0!
#14199572650
1!
#14200572650
0!
#14201572650
1!
#14202572650
0!
#14203572650
1!
#14204572650
0!
#14205572650
1!
#14206572650
0!
#14207572650
1!
#14208572650
0!
#14209572650
1!
#14210572650
0!
#14211572650
1!
#14212572650
0!
#14213572650
1!
#14214572650
0!
#14215572650
1!
#14216572650
0!
#14217572650
1!
#14218572650
0!
#14219572650
1!
#14220572650
0!
#14221572650
1!
#14222572650
0!
#14223572650
1!
#14224572650
0!
#14225572650
1!
#14226572650
0!
#14227572650
1!
#14228572650
0!
#14229572650
1!
#14230572650
0!
#14231572650
1!
#14232572650
0!
#14233572650
1!
#14234572650
0!
#14235572650
1!
#14236572650
0!
#14237572650
1!
#14238572650
0!
#14239572650
1!
#14240572650
0!
#14241572650
1!
#14242572650
0!
#14243572650
1!
#14244572650
0!
#14245572650
1!
#14246572650
0!
#14247572650
1!
#14248572650
0!
#14249572650
1!
#14250572650
0!
#14251572650
1!
#14252572650
0!
#14253572650
1!
#14254572650
0!
#14255572650
1!
#14256572650
0!
#14257572650
1!
#14258572650
0!
#14259572650
1!
#14260572650
0!
#14261572650
1!
#14262572650
0!
#14263572650
1!
#14264572650
0!
#14265572650
1!
#14266572650
0!
#14267572650
1!
#14268572650
0!
#14269572650
1!
#14270572650
0!
#14271572650
1!
#14272572650
0!
#14273572650
1!
#14274572650
0!
#14275572650
1!
#14276572650
0!
#14277572650
1!
#14278572650
0!
#14279572650
1!
#14280572650
0!
#14281572650
1!
#14282572650
0!
#14283572650
1!
#14284572650
0!
#14285572650
1!
#14286572650
0!
#14287572650
1!
#14288572650
0!
#14289572650
1!
#14290572650
0!
#14291572650
1!
#14292572650
0!
#14293572650
1!
#14294572650
0!
#14295572650
1!
#14296572650
0!
#14297572650
1!
#14298572650
0!
#14299572650
1!
#14300572650
0!
#14301572650
1!
#14302572650
0!
#14303572650
1!
#14304572650
0!
#14305572650
1!
#14306572650
0!
#14307572650
1!
#14308572650
0!
#14309572650
1!
#14310572650
0!
#14311572650
1!
#14312572650
0!
#14313572650
1!
#14314572650
0!
#14315572650
1!
#14316572650
0!
#14317572650
1!
#14318572650
0!
#14319572650
1!
#14320572650
0!
#14321572650
1!
#14322572650
0!
#14323572650
1!
#14324572650
0!
#14325572650
1!
#14326572650
0!
#14327572650
1!
#14328572650
0!
#14329572650
1!
#14330572650
0!
#14331572650
1!
#14332572650
0!
#14333572650
1!
#14334572650
0!
#14335572650
1!
#14336572650
0!
#14337572650
1!
#14338572650
0!
#14339572650
1!
#14340572650
0!
#14341572650
1!
#14342572650
0!
#14343572650
1!
#14344572650
0!
#14345572650
1!
#14346572650
0!
#14347572650
1!
#14348572650
0!
#14349572650
1!
#14350572650
0!
#14351572650
1!
#14352572650
0!
#14353572650
1!
#14354572650
0!
#14355572650
1!
#14356572650
0!
#14357572650
1!
#14358572650
0!
#14359572650
1!
#14360572650
0!
#14361572650
1!
#14362572650
0!
#14363572650
1!
#14364572650
0!
#14365572650
1!
#14366572650
0!
#14367572650
1!
#14368572650
0!
#14369572650
1!
#14370572650
0!
#14371572650
1!
#14372572650
0!
#14373572650
1!
#14374572650
0!
#14375572650
1!
#14376572650
0!
#14377572650
1!
#14378572650
0!
#14379572650
1!
#14380572650
0!
#14381572650
1!
#14382572650
0!
#14383572650
1!
#14384572650
0!
#14385572650
1!
#14386572650
0!
#14387572650
1!
#14388572650
0!
#14389572650
1!
#14390572650
0!
#14391572650
1!
#14392572650
0!
#14393572650
1!
#14394572650
0!
#14395572650
1!
#14396572650
0!
#14397572650
1!
#14398572650
0!
#14399572650
1!
#14400572650
0!
#14401572650
1!
#14402572650
0!
#14403572650
1!
#14404572650
0!
#14405572650
1!
#14406572650
0!
#14407572650
1!
#14408572650
0!
#14409572650
1!
#14410572650
0!
#14411572650
1!
#14412572650
0!
#14413572650
1!
#14414572650
0!
#14415572650
1!
#14416572650
0!
#14417572650
1!
#14418572650
0!
#14419572650
1!
#14420572650
0!
#14421572650
1!
#14422572650
0!
#14423572650
1!
#14424572650
0!
#14425572650
1!
#14426572650
0!
#14427572650
1!
#14428572650
0!
#14429572650
1!
#14430572650
0!
#14431572650
1!
#14432572650
0!
#14433572650
1!
#14434572650
0!
#14435572650
1!
#14436572650
0!
#14437572650
1!
#14438572650
0!
#14439572650
1!
#14440572650
0!
#14441572650
1!
#14442572650
0!
#14443572650
1!
#14444572650
0!
#14445572650
1!
#14446572650
0!
#14447572650
1!
#14448572650
0!
#14449572650
1!
#14450572650
0!
#14451572650
1!
#14452572650
0!
#14453572650
1!
#14454572650
0!
#14455572650
1!
#14456572650
0!
#14457572650
1!
#14458572650
0!
#14459572650
1!
#14460572650
0!
#14461572650
1!
#14462572650
0!
#14463572650
1!
#14464572650
0!
#14465572650
1!
#14466572650
0!
#14467572650
1!
#14468572650
0!
#14469572650
1!
#14470572650
0!
#14471572650
1!
#14472572650
0!
#14473572650
1!
#14474572650
0!
#14475572650
1!
#14476572650
0!
#14477572650
1!
#14478572650
0!
#14479572650
1!
#14480572650
0!
#14481572650
1!
#14482572650
0!
#14483572650
1!
#14484572650
0!
#14485572650
1!
#14486572650
0!
#14487572650
1!
#14488572650
0!
#14489572650
1!
#14490572650
0!
#14491572650
1!
#14492572650
0!
#14493572650
1!
#14494572650
0!
#14495572650
1!
#14496572650
0!
#14497572650
1!
#14498572650
0!
#14499572650
1!
#14500572650
0!
#14501572650
1!
#14502572650
0!
#14503572650
1!
#14504572650
0!
#14505572650
1!
#14506572650
0!
#14507572650
1!
#14508572650
0!
#14509572650
1!
#14510572650
0!
#14511572650
1!
#14512572650
0!
#14513572650
1!
#14514572650
0!
#14515572650
1!
#14516572650
0!
#14517572650
1!
#14518572650
0!
#14519572650
1!
#14520572650
0!
#14521572650
1!
#14522572650
0!
#14523572650
1!
#14524572650
0!
#14525572650
1!
#14526572650
0!
#14527572650
1!
#14528572650
0!
#14529572650
1!
#14530572650
0!
#14531572650
1!
#14532572650
0!
#14533572650
1!
#14534572650
0!
#14535572650
1!
#14536572650
0!
#14537572650
1!
#14538572650
0!
#14539572650
1!
#14540572650
0!
#14541572650
1!
#14542572650
0!
#14543572650
1!
#14544572650
0!
#14545572650
1!
#14546572650
0!
#14547572650
1!
#14548572650
0!
#14549572650
1!
#14550572650
0!
#14551572650
1!
#14552572650
0!
#14553572650
1!
#14554572650
0!
#14555572650
1!
#14556572650
0!
#14557572650
1!
#14558572650
0!
#14559572650
1!
#14560572650
0!
#14561572650
1!
#14562572650
0!
#14563572650
1!
#14564572650
0!
#14565572650
1!
#14566572650
0!
#14567572650
1!
#14568572650
0!
#14569572650
1!
#14570572650
0!
#14571572650
1!
#14572572650
0!
#14573572650
1!
#14574572650
0!
#14575572650
1!
#14576572650
0!
#14577572650
1!
#14578572650
0!
#14579572650
1!
#14580572650
0!
#14581572650
1!
#14582572650
0!
#14583572650
1!
#14584572650
0!
#14585572650
1!
#14586572650
0!
#14587572650
1!
#14588572650
0!
#14589572650
1!
#14590572650
0!
#14591572650
1!
#14592572650
0!
#14593572650
1!
#14594572650
0!
#14595572650
1!
#14596572650
0!
#14597572650
1!
#14598572650
0!
#14599572650
1!
#14600572650
0!
#14601572650
1!
#14602572650
0!
#14603572650
1!
#14604572650
0!
#14605572650
1!
#14606572650
0!
#14607572650
1!
#14608572650
0!
#14609572650
1!
#14610572650
0!
#14611572650
1!
#14612572650
0!
#14613572650
1!
#14614572650
0!
#14615572650
1!
#14616572650
0!
#14617572650
1!
#14618572650
0!
#14619572650
1!
#14620572650
0!
#14621572650
1!
#14622572650
0!
#14623572650
1!
#14624572650
0!
#14625572650
1!
#14626572650
0!
#14627572650
1!
#14628572650
0!
#14629572650
1!
#14630572650
0!
#14631572650
1!
#14632572650
0!
#14633572650
1!
#14634572650
0!
#14635572650
1!
#14636572650
0!
#14637572650
1!
#14638572650
0!
#14639572650
1!
#14640572650
0!
#14641572650
1!
#14642572650
0!
#14643572650
1!
#14644572650
0!
#14645572650
1!
#14646572650
0!
#14647572650
1!
#14648572650
0!
#14649572650
1!
#14650572650
0!
#14651572650
1!
#14652572650
0!
#14653572650
1!
#14654572650
0!
#14655572650
1!
#14656572650
0!
#14657572650
1!
#14658572650
0!
#14659572650
1!
#14660572650
0!
#14661572650
1!
#14662572650
0!
#14663572650
1!
#14664572650
0!
#14665572650
1!
#14666572650
0!
#14667572650
1!
#14668572650
0!
#14669572650
1!
#14670572650
0!
#14671572650
1!
#14672572650
0!
#14673572650
1!
#14674572650
0!
#14675572650
1!
#14676572650
0!
#14677572650
1!
#14678572650
0!
#14679572650
1!
#14680572650
0!
#14681572650
1!
#14682572650
0!
#14683572650
1!
#14684572650
0!
#14685572650
1!
#14686572650
0!
#14687572650
1!
#14688572650
0!
#14689572650
1!
#14690572650
0!
#14691572650
1!
#14692572650
0!
#14693572650
1!
#14694572650
0!
#14695572650
1!
#14696572650
0!
#14697572650
1!
#14698572650
0!
#14699572650
1!
#14700572650
0!
#14701572650
1!
#14702572650
0!
#14703572650
1!
#14704572650
0!
#14705572650
1!
#14706572650
0!
#14707572650
1!
#14708572650
0!
#14709572650
1!
#14710572650
0!
#14711572650
1!
#14712572650
0!
#14713572650
1!
#14714572650
0!
#14715572650
1!
#14716572650
0!
#14717572650
1!
#14718572650
0!
#14719572650
1!
#14720572650
0!
#14721572650
1!
#14722572650
0!
#14723572650
1!
#14724572650
0!
#14725572650
1!
#14726572650
0!
#14727572650
1!
#14728572650
0!
#14729572650
1!
#14730572650
0!
#14731572650
1!
#14732572650
0!
#14733572650
1!
#14734572650
0!
#14735572650
1!
#14736572650
0!
#14737572650
1!
#14738572650
0!
#14739572650
1!
#14740572650
0!
#14741572650
1!
#14742572650
0!
#14743572650
1!
#14744572650
0!
#14745572650
1!
#14746572650
0!
#14747572650
1!
#14748572650
0!
#14749572650
1!
#14750572650
0!
#14751572650
1!
#14752572650
0!
#14753572650
1!
#14754572650
0!
#14755572650
1!
#14756572650
0!
#14757572650
1!
#14758572650
0!
#14759572650
1!
#14760572650
0!
#14761572650
1!
#14762572650
0!
#14763572650
1!
#14764572650
0!
#14765572650
1!
#14766572650
0!
#14767572650
1!
#14768572650
0!
#14769572650
1!
#14770572650
0!
#14771572650
1!
#14772572650
0!
#14773572650
1!
#14774572650
0!
#14775572650
1!
#14776572650
0!
#14777572650
1!
#14778572650
0!
#14779572650
1!
#14780572650
0!
#14781572650
1!
#14782572650
0!
#14783572650
1!
#14784572650
0!
#14785572650
1!
#14786572650
0!
#14787572650
1!
#14788572650
0!
#14789572650
1!
#14790572650
0!
#14791572650
1!
#14792572650
0!
#14793572650
1!
#14794572650
0!
#14795572650
1!
#14796572650
0!
#14797572650
1!
#14798572650
0!
#14799572650
1!
#14800572650
0!
#14801572650
1!
#14802572650
0!
#14803572650
1!
#14804572650
0!
#14805572650
1!
#14806572650
0!
#14807572650
1!
#14808572650
0!
#14809572650
1!
#14810572650
0!
#14811572650
1!
#14812572650
0!
#14813572650
1!
#14814572650
0!
#14815572650
1!
#14816572650
0!
#14817572650
1!
#14818572650
0!
#14819572650
1!
#14820572650
0!
#14821572650
1!
#14822572650
0!
#14823572650
1!
#14824572650
0!
#14825572650
1!
#14826572650
0!
#14827572650
1!
#14828572650
0!
#14829572650
1!
#14830572650
0!
#14831572650
1!
#14832572650
0!
#14833572650
1!
#14834572650
0!
#14835572650
1!
#14836572650
0!
#14837572650
1!
#14838572650
0!
#14839572650
1!
#14840572650
0!
#14841572650
1!
#14842572650
0!
#14843572650
1!
#14844572650
0!
#14845572650
1!
#14846572650
0!
#14847572650
1!
#14848572650
0!
#14849572650
1!
#14850572650
0!
#14851572650
1!
#14852572650
0!
#14853572650
1!
#14854572650
0!
#14855572650
1!
#14856572650
0!
#14857572650
1!
#14858572650
0!
#14859572650
1!
#14860572650
0!
#14861572650
1!
#14862572650
0!
#14863572650
1!
#14864572650
0!
#14865572650
1!
#14866572650
0!
#14867572650
1!
#14868572650
0!
#14869572650
1!
#14870572650
0!
#14871572650
1!
#14872572650
0!
#14873572650
1!
#14874572650
0!
#14875572650
1!
#14876572650
0!
#14877572650
1!
#14878572650
0!
#14879572650
1!
#14880572650
0!
#14881572650
1!
#14882572650
0!
#14883572650
1!
#14884572650
0!
#14885572650
1!
#14886572650
0!
#14887572650
1!
#14888572650
0!
#14889572650
1!
#14890572650
0!
#14891572650
1!
#14892572650
0!
#14893572650
1!
#14894572650
0!
#14895572650
1!
#14896572650
0!
#14897572650
1!
#14898572650
0!
#14899572650
1!
#14900572650
0!
#14901572650
1!
#14902572650
0!
#14903572650
1!
#14904572650
0!
#14905572650
1!
#14906572650
0!
#14907572650
1!
#14908572650
0!
#14909572650
1!
#14910572650
0!
#14911572650
1!
#14912572650
0!
#14913572650
1!
#14914572650
0!
#14915572650
1!
#14916572650
0!
#14917572650
1!
#14918572650
0!
#14919572650
1!
#14920572650
0!
#14921572650
1!
#14922572650
0!
#14923572650
1!
#14924572650
0!
#14925572650
1!
#14926572650
0!
#14927572650
1!
#14928572650
0!
#14929572650
1!
#14930572650
0!
#14931572650
1!
#14932572650
0!
#14933572650
1!
#14934572650
0!
#14935572650
1!
#14936572650
0!
#14937572650
1!
#14938572650
0!
#14939572650
1!
#14940572650
0!
#14941572650
1!
#14942572650
0!
#14943572650
1!
#14944572650
0!
#14945572650
1!
#14946572650
0!
#14947572650
1!
#14948572650
0!
#14949572650
1!
#14950572650
0!
#14951572650
1!
#14952572650
0!
#14953572650
1!
#14954572650
0!
#14955572650
1!
#14956572650
0!
#14957572650
1!
#14958572650
0!
#14959572650
1!
#14960572650
0!
#14961572650
1!
#14962572650
0!
#14963572650
1!
#14964572650
0!
#14965572650
1!
#14966572650
0!
#14967572650
1!
#14968572650
0!
#14969572650
1!
#14970572650
0!
#14971572650
1!
#14972572650
0!
#14973572650
1!
#14974572650
0!
#14975572650
1!
#14976572650
0!
#14977572650
1!
#14978572650
0!
#14979572650
1!
#14980572650
0!
#14981572650
1!
#14982572650
0!
#14983572650
1!
#14984572650
0!
#14985572650
1!
#14986572650
0!
#14987572650
1!
#14988572650
0!
#14989572650
1!
#14990572650
0!
#14991572650
1!
#14992572650
0!
#14993572650
1!
#14994572650
0!
#14995572650
1!
#14996572650
0!
#14997572650
1!
#14998572650
0!
#14999572650
1!
#15000572650
0!
#15001572650
1!
#15002572650
0!
#15003572650
1!
#15004572650
0!
#15005572650
1!
#15006572650
0!
#15007572650
1!
#15008572650
0!
#15009572650
1!
#15010572650
0!
#15011572650
1!
#15012572650
0!
#15013572650
1!
#15014572650
0!
#15015572650
1!
#15016572650
0!
#15017572650
1!
#15018572650
0!
#15019572650
1!
#15020572650
0!
#15021572650
1!
#15022572650
0!
#15023572650
1!
#15024572650
0!
#15025572650
1!
#15026572650
0!
#15027572650
1!
#15028572650
0!
#15029572650
1!
#15030572650
0!
#15031572650
1!
#15032572650
0!
#15033572650
1!
#15034572650
0!
#15035572650
1!
#15036572650
0!
#15037572650
1!
#15038572650
0!
#15039572650
1!
#15040365100
0!
#112935339475
0!
